id,text_no_spaces,text_with_spaces,predicted_positions
0,куплюайфон14про,куплю айфон 14 про,"[5, 10, 12]"
1,ищудомвПодмосковье,ищу домвПодмосковье,[3]
2,сдаюквартирусмебельюитехникой,сдаю квартиру с мебелью и техникой,"[4, 12, 13, 20, 21]"
3,новыйдивандоставканедорого,новый диван доставка не дорого,"[5, 10, 18, 20]"
4,отдамдаромкошку,отдам даром кошку,"[5, 10]"
5,работавМосквеудаленно,работавМоскве удаленно,[13]
6,куплютелевизорPhilips,куплю телевизор Philips,"[5, 14]"
7,ищугрузчиковдляпереезда,ищу грузчиков для переезда,"[3, 12, 15]"
8,ремонтквартирподключ,ремонт квартир подключ,"[6, 13]"
9,куплюноутбукHP,куплю ноутбук HP,"[5, 12]"
10,ищуквартирууметро,ищу квартиру у метро,"[3, 11, 12]"
11,новаямикроволновкаSamsung,новая микроволновка Samsung,"[5, 18]"
12,срочнопродамвелосипед,срочно продам велосипед,"[6, 12]"
13,куплюгитаруFender,куплю гитару Fender,"[5, 11]"
14,ищурепетиторапобиологии,ищу репетитора по биологии,"[3, 13, 15]"
15,сдаюгаражнадлительныйсрок,сдаю гаражна длительный срок,"[4, 11, 21]"
16,куплюдиванбу,куплю диван бу,"[5, 10]"
17,ищумастерапоремонтухолодильников,ищу мастера по ремонту холодильников,"[3, 10, 12, 19]"
18,новыйшкафдоставкасегодня,новый шкаф доставка сегодня,"[5, 9, 17]"
19,куплюXboxOne,куплю XboxOne,[5]
20,ищуподработкуповечерам,ищу подработку по вечерам,"[3, 13, 15]"
21,сдамкомнатустудентке,с дам комнату студентке,"[1, 4, 11]"
22,куплюстаруюкнигу,куплю старую книгу,"[5, 11]"
23,ищусобакулабрадор,ищу собакула брадор,"[3, 11]"
24,новыйтелефонXiaomi13,новый телефон Xiaomi 13,"[5, 12, 18]"
25,куплюPlaystation5диск,куплю Playstatio n5 диск,"[5, 15, 17]"
26,ищукомнатувцентрегорода,ищу комнату в центре города,"[3, 10, 11, 17]"
27,срочнонужнаняняребенку,срочно нужна няня ребенку,"[6, 11, 15]"
28,куплюстиральнуюмашинуIndesit,куплю стиральную машину Indesit,"[5, 15, 21]"
29,ищудетскуюкроваткубу,ищу детскую кроватку бу,"[3, 10, 18]"
30,новаякурткадоставка,новая куртка доставка,"[5, 11]"
31,куплювелосипедMerida,куплю велосипед Merida,"[5, 14]"
32,ищуврачаофтальмолога,ищу врача офтальмолога,"[3, 8]"
33,сдаюквартирувцентреМосквы,сдаю квартиру в центреМосквы,"[4, 12, 13]"
34,куплюхолодильникSamsung,куплю холодильник Samsung,"[5, 16]"
35,ищукошкубританскую,ищу кошку британскую,"[3, 8]"
36,новыйноутбукдоставказавтра,новый ноутбук доставка завтра,"[5, 12, 20]"
37,куплюшкафбу,куплюшкафбу,[]
38,ищурепетиторапоистории,ищу репетитора по истории,"[3, 13, 15]"
39,сдаюкомнатубезпосредников,сдаю комнату без посредников,"[4, 11, 14]"
40,куплютелевизорLGOLED,куплю телевизор LGOLED,"[5, 14]"
41,ищуквартирунедорогосрочно,ищу квартиру недорого срочно,"[3, 11, 19]"
42,новыйайфондоставка,новый айфон доставка,"[5, 10]"
43,куплюгитаруYamaha,куплю гитару Yamaha,"[5, 11]"
44,ищустудиюуметро,ищу студию у метро,"[3, 9, 10]"
45,сдамквартирумолодоженам,с дам квартиру молодоженам,"[1, 4, 12]"
46,куплюкомпьютеригровой,куплю компьютер игровой,"[5, 14]"
47,ищуработуповаромвкафе,ищу работу поваром в кафе,"[3, 9, 16, 17]"
48,новыйдиванIkea,новый диван Ikea,"[5, 10]"
49,куплюстарыйноутбук,куплю старый ноутбук,"[5, 11]"
50,ищусобакудобермана,ищу собаку добермана,"[3, 9]"
51,срочносдаюкомнату,срочно сдаю комнату,"[6, 10]"
52,куплюмониторLG,куплю монитор LG,"[5, 12]"
53,ищумастерапосантехнике,ищу мастера по сантехнике,"[3, 10, 12]"
54,новыйстолдоставка,новый стол доставка,"[5, 9]"
55,куплюайфон13мини,куплю айфон 13 мини,"[5, 10, 12]"
56,ищудевушкудляотношений,ищу девушку для отношений,"[3, 10, 13]"
57,сдаюдачуналето,сдаю дачу на лето,"[4, 8, 10]"
58,куплюстиральнуюмашинуLG,куплю стиральную машину LG,"[5, 15, 21]"
59,ищуучителяанглийскогоязыка,ищу учителя английского языка,"[3, 10, 21]"
60,новыйноутбукAsus,новый ноутбук Asus,"[5, 12]"
61,куплюматрасортопедический,куплю матра сортопедический,"[5, 10]"
62,ищукомнатунадлительныйсрок,ищу комнату на длительный срок,"[3, 10, 12, 22]"
63,сдамквартирубеззалога,с дам квартиру без залога,"[1, 4, 12, 15]"
64,куплюхолодильникAtlant,куплю холодильник Atlant,"[5, 16]"
65,ищусобакушпица,ищу собаку шпица,"[3, 9]"
66,новаястиральнаямашинадоставка,новая стиральная машина доставка,"[5, 15, 21]"
67,куплютелевизорSony,куплю телевизор Sony,"[5, 14]"
68,ищурепетиторапогеографии,ищу репетитора по географии,"[3, 13, 15]"
69,сдаюкомнатусмебелью,сдаю комнату с мебелью,"[4, 11, 12]"
70,куплюпылесосDyson,куплю пылесос Dyson,"[5, 12]"
71,ищуработуофицианткой,ищу работу официанткой,"[3, 9]"
72,новыйшкафкупе,новый шкаф купе,"[5, 9]"
73,куплюдиванугловой,куплю диван угловой,"[5, 10]"
74,ищуквартирунадлительныйсрок,ищу квартиру на длительный срок,"[3, 11, 13, 23]"
75,сдамгаражваренду,с дам гараж в аренду,"[1, 4, 9, 10]"
76,куплювелосипедStels,куплю велосипед Stels,"[5, 14]"
77,ищуврачапедиатра,ищу врача педиатра,"[3, 8]"
78,новыйтелефонOppo,новый телефон Oppo,"[5, 12]"
79,куплюмикроволновкуSamsung,куплю микроволновку Samsung,"[5, 18]"
80,ищукомнатудлядевушки,ищу комнату для девушки,"[3, 10, 13]"
81,срочнопродамшкаф,срочно продам шкаф,"[6, 12]"
82,куплюPlaystation4slim,куплю Playstation 4 slim,"[5, 16, 17]"
83,ищусобакунемецкуюовчарку,ищу собаку немецкую овчарку,"[3, 9, 17]"
84,новаякуртказима,новая куртка зима,"[5, 11]"
85,куплютелефонHonor,куплю телефон Honor,"[5, 12]"
86,ищуподругудляпрогулок,ищу подругу для прогулок,"[3, 10, 13]"
87,сдаюквартирусемье,сдаю квартиру семье,"[4, 12]"
88,куплютелевизорToshiba,куплю телевизор Toshiba,"[5, 14]"
89,ищумастерапоремонтустиралок,ищу мастера по ремонту стиралок,"[3, 10, 12, 19]"
90,новыйдивансерый,новый диван серый,"[5, 10]"
91,куплюкомодбу,куплю комодбу,[5]
92,ищуучителяпоматематике,ищу учителя по математике,"[3, 10, 12]"
93,сдамквартирустудентам,с дам квартиру студентам,"[1, 4, 12]"
94,куплювелосипедбу,куплю велосипед бу,"[5, 14]"
95,ищустудиюнамесяц,ищу студию на месяц,"[3, 9, 11]"
96,новаямикроволновкадоставка,новая микроволновка доставка,"[5, 18]"
97,ищуработунавыходные,ищу работу на выходные,"[3, 9, 11]"
98,куплютелефонHuawei,куплю телефон Huawei,"[5, 12]"
99,"продамшкаф,почтиновый,сзеркалами","продам шкаф, почти новый, с зеркалами","[6, 11, 16, 22, 23]"
100,"ищукнигубратьякарамазовы,срочно","ищу книгу братья карамазовы, срочно","[3, 8, 14, 25]"
101,"новыймонитор,27дюймов,доставка","новый монитор, 27 дюймов, доставка","[5, 13, 15, 22]"
102,"куплюковрикдляйоги,недорого!","куплю коврик для йоги, не дорого!","[5, 11, 14, 19, 21]"
103,"ищуинструкторапоплаванию,бассейнрядом","ищу инструктора поплаванию, бассейн рядом","[3, 14, 25, 32]"
104,"сдамкомнату,толькодевушке","с дам комнату, только девушке","[1, 4, 12, 18]"
105,"куплюшвейнуюмашинку,рабочую","куплю швейную машинку, рабочую","[5, 12, 20]"
106,"ищудрузейдляпутешествий,летомвгоры","ищу друзей для путешествий, летом в горы","[3, 9, 12, 24, 29, 30]"
107,"новаякофеваркаPhilips,гарантияесть","новая кофе в арка Philips, гарантия есть","[5, 9, 10, 14, 22, 30]"
108,"куплюлыжи,палкивкомплекте","куплю лыжи, палки в комплекте","[5, 10, 15, 16]"
109,"ищуучителяповокалу,джаз","ищу учителя по вокалу, джаз","[3, 10, 12, 19]"
110,"сдамместовгараже,сухо","сдам место в гараже, сухо","[4, 9, 10, 17]"
111,"куплюдетскийвелосипед,длядевочки","куплю детский велосипед, для девочки","[5, 12, 22, 25]"
112,"ищупекарявкафе,утро","ищу пекаря в кафе, утро","[3, 9, 10, 15]"
113,"новаястиралкаBosch,привезусам","новая стиралка Bosch, привезу сам","[5, 13, 19, 26]"
114,"куплюстолписьменный,белый","куплю стол письменный, белый","[5, 9, 20]"
115,"ищупрограммистанапроект,срочно!","ищу программиста на проект, срочно!","[3, 15, 17, 24]"
116,"сдамстудиюпосуточно,метрорядом","с дам студию посуточно, метро рядом","[1, 4, 10, 20, 25]"
117,"куплюсковородучугунную,диаметр28","куплю сковороду чугунную, диаметр28","[5, 14, 23]"
118,"ищурепетиторапобиологии,ЕГЭ","ищу репетитора по биологии,ЕГЭ","[3, 13, 15]"
119,"новаягазоваяплита,привезёмбыстро","новая газовая плита, привезём быстро","[5, 12, 18, 26]"
120,"куплюмашинуВАЗбу,находу","куплю машинуВАЗбу, на ходу","[5, 17, 19]"
121,"ищустоликдляноутбука,складной","ищу столик для ноутбука, складной","[3, 9, 12, 21]"
122,"сдамквартирунаночь,чисто","с дам квартиру на ночь, чисто","[1, 4, 12, 14, 19]"
123,"куплюшкаф-купе,трёхдверный","куплю шкаф-купе, трёх дверный","[5, 15, 19]"
124,"ищукостюмнасвадьбу,мужской","ищу костюм на свадьбу, мужской","[3, 9, 11, 19]"
125,"новыйпылесосSamsung,коробкаесть","новый пылесос Samsung, коробка есть","[5, 12, 20, 27]"
126,"куплюрюкзактуристический,70литров","куплю рюкзак туристический, 70 литров","[5, 11, 25, 27]"
127,ищуучителяпошахматам,ищу учителя по шахматам,"[3, 10, 12]"
128,"сдампарковкувцентре,охрана","с дам парковку в центре, охрана","[1, 4, 12, 13, 20]"
129,"куплюкроссовкиAdidas,оригинал","куплю кроссовки Adidas, оригинал","[5, 14, 21]"
130,"ищустолярныеуслуги,недорого","ищу столярные услуги, не дорого","[3, 12, 19, 21]"
131,"новыйтелевизорLG,гарантия2года","новый телевизор LG, гарантия 2 года","[5, 14, 17, 25, 26]"
132,"куплювазудляцветов,стеклянную","куплю вазу для цветов, стеклянную","[5, 9, 12, 19]"
133,ищууборщицунавыходные,ищу уборщицу на выходные,"[3, 11, 13]"
134,"сдамофис,20квадратов","с дам офис, 20 квадратов","[1, 4, 9, 11]"
135,"куплюконькиженские,размер37","куплю коньки женские, размер 37","[5, 11, 19, 25]"
136,ищупереводчикасанглийского,ищу переводчика с английского,"[3, 14, 15]"
137,"новыйутюгPhilips,гарантия","новый утюг Philips, гарантия","[5, 9, 17]"
138,"куплюнаушники,беспроводные","куплю наушники, беспроводные","[5, 14]"
139,"ищуплиточника,ремонтванной","ищу плиточника, ремонт ванной","[3, 14, 20]"
140,"сдамгараж,ключинаруках","с дам гараж, ключи на руках","[1, 4, 10, 15, 17]"
141,"куплюноутбук,недорого,срочно","куплю ноутбук, не дорого, срочно","[5, 13, 15, 22]"
142,ищугрузчиковназавтра,ищу грузчиков на завтра,"[3, 12, 14]"
143,"новыйроутерXiaomi,вайфай6","новый роутер Xiaomi, вайфай6","[5, 11, 18]"
144,"куплюколонки5.1,мощные","куплю колонки 5.1, мощные","[5, 12, 16]"
145,"ищуэлектрика,розеткиискрят!","ищу электрика, розетки искрят!","[3, 13, 20]"
146,"сдамдачунанеделю,естьбаня","с дам дачу на неделю, есть баня","[1, 4, 8, 10, 17, 21]"
147,"куплюмиксеркухонный,брендовый","куплю миксер кухонный, брендовый","[5, 11, 20]"
148,ищуфотографанамероприятие,ищу фотографа на мероприятие,"[3, 12, 14]"
149,новаямультиваркаRedmond,новая мультиварка Redmond,"[5, 16]"
150,"куплючайникэлектрический,новый","куплю чайник электрический, новый","[5, 11, 25]"
151,"ищупылесос,моющий","ищу пылесос, моющий","[3, 11]"
152,"сдамкладовку,центргорода","с дам кладовку, центр города","[1, 4, 13, 18]"
153,куплюкамерувидеонаблюдения,куплю камеру видеонаблюдения,"[5, 11]"
154,"ищуняню,графикгибкий","ищу няню, график гибкий","[3, 8, 14]"
155,"новыйсмартфон,запечатанный","новый смартфон, запечатанный","[5, 14]"
156,куплючемоданнаколёсах,куплю чемодан на колёсах,"[5, 12, 14]"
157,ищупарикмахеранадом,ищу парикмахера на дом,"[3, 14, 16]"
158,"сдамсклад,50метров","с дам склад, 50 метров","[1, 4, 10, 12]"
159,"куплюпроектор,дляфильмов","куплю проектор, для фильмов","[5, 14, 17]"
160,ищугитариставгруппу,ищу гитариста в группу,"[3, 12, 13]"
161,новыйкухонныйкомбайн,новый кухонный комбайн,"[5, 13]"
162,"куплюдиван,тканьсерая","куплю диван, ткань серая","[5, 11, 16]"
163,ищуплитуэлектрическую,ищу плиту электрическую,"[3, 8]"
164,"сдамстудиювцентре,уютная","с дам студию в центре, уютная","[1, 4, 10, 11, 18]"
165,куплюмясорубкуручную,куплю мясорубку ручную,"[5, 14]"
166,ищушеф-поваравресторан,ищу шеф-повара в ресторан,"[3, 13, 14]"
167,новыйматрасортопедический,новый матра сортопедический,"[5, 10]"
168,"куплютренажёр,вело","куплю тренажёр,вело",[5]
169,"ищуадвоката,консультация","ищу адвоката, консультация","[3, 12]"
170,"сдамофис,арендапомесячно","с дам офис, аренда помесячно","[1, 4, 9, 15]"
171,куплюкартинумаслом,куплю картину маслом,"[5, 12]"
172,ищубухгалтеранаполставки,ищу бухгалтера на полставки,"[3, 13, 15]"
173,новаяпечьмикроволновая,новая печь микроволновая,"[5, 9]"
174,куплюлодкурезиновую,куплю лодку резиновую,"[5, 10]"
175,"ищулогопеда,занятиядома","ищу логопеда, занятия дома","[3, 12, 19]"
176,"сдамквартиру,ремонтсвежий","с дам квартиру, ремонт свежий","[1, 4, 13, 19]"
177,"ищумебельщика,кухняподзаказ","ищу мебельщика, кухня под заказ","[3, 14, 19, 22]"
178,новыйкулердляводы,новый кулер для воды,"[5, 10, 13]"
179,куплюстолскладной,куплю стол складной,"[5, 9]"
180,"ищуводителя,ночныесмены","ищу водителя, ночные смены","[3, 12, 18]"
181,"сдамквартиру,толькорусским","с дам квартиру, только русским","[1, 4, 13, 19]"
182,куплюплатьевечернее,куплю платье вечернее,"[5, 11]"
183,"ищухирурга,консультациясрочно","ищу хирурга, консультация срочно","[3, 11, 23]"
184,новыйфильтрдляводы,новый фильтр для воды,"[5, 11, 14]"
185,куплюкреслоофисное,куплю кресло офисное,"[5, 11]"
186,ищумассажистанадом,ищу массажиста на дом,"[3, 13, 15]"
187,сдампомещениеподсклад,с дам помещение под склад,"[1, 4, 13, 16]"
188,куплютелефонOppo,куплю телефон Oppo,"[5, 12]"
189,"ищупсихолога,опытобязателен","ищу психолога, опыт обязателен","[3, 13, 17]"
190,новаяколонкаJBL,новая колонка JBL,"[5, 12]"
191,куплюджинсыLevi’s,куплю джинсы Levi’s,"[5, 11]"
192,"ищудомработницу,центр","ищу домработницу, центр","[3, 16]"
193,"сдамдом,участок6соток","с дам дом, участок 6 соток","[1, 4, 8, 15, 16]"
194,куплюконструкторLego,куплю конструктор Lego,"[5, 16]"
195,ищухудожникадляпортрета,ищу художника для портрета,"[3, 12, 15]"
196,"новыйблендер,гарантия","новый блендер, гарантия","[5, 13]"
197,"куплювидеокамеру,недорого","куплю видеокамеру, не дорого","[5, 17, 19]"
198,ищурепетиторапохимии,ищу репетитора по химии,"[3, 13, 15]"
199,"сдамдачу,лесрядом","с дам дачу, лес рядом","[1, 4, 9, 12]"
200,куплюзимниешины,куплю зимние шины,"[5, 11]"
201,ищугидапоМоскве,ищу гидапоМоскве,[3]
202,новаялюстрапотолочная,новая люстра потолочная,"[5, 11]"
203,"куплюковёр,шерстяной","куплю ковёр, шерстяной","[5, 11]"
204,ищуарендугаража,ищу аренду гаража,"[3, 9]"
205,сдамквартирусбалконом,с дам квартиру с балконом,"[1, 4, 12, 13]"
206,куплюудочкудлярыбалки,куплю удочку для рыбалки,"[5, 11, 14]"
207,"ищукомпозитора,музыка","ищу композитора, музыка","[3, 15]"
208,"новыйтостер,черный","новый тостер, черный","[5, 12]"
209,куплюстоловыеприборы,куплю столовые приборы,"[5, 13]"
210,ищуинженерапоремонту,ищу инженера по ремонту,"[3, 11, 13]"
211,"сдампарковку,центр","с дам парковку, центр","[1, 4, 13]"
212,куплюрезинузимнюю,куплю резину зимнюю,"[5, 11]"
213,ищуактерадлясъемок,ищу актера для съемок,"[3, 9, 12]"
214,новаяплитаэлектрическая,новая плита электрическая,"[5, 10]"
215,куплювидеокартуRTX,куплю видеокарту RTX,"[5, 15]"
216,"ищуюриста,оформлениедоговора","ищу юриста, оформление договора","[3, 10, 20]"
217,"сдамсклад,сухоепомещение","с дам склад, сухое помещение","[1, 4, 10, 15]"
218,куплюкомодбелый,куплю комод белый,"[5, 10]"
219,"ищуплиточника,срочно","ищу плиточника, срочно","[3, 14]"
220,новаялампанастольная,новая лампа настольная,"[5, 10]"
221,"куплюскейтборд,новый","куплю скейтборд, новый","[5, 15]"
222,сдамкомнатусремонтом,с дам комнату с ремонтом,"[1, 4, 11, 12]"
223,куплюроутерTP-Link,куплю роутер TP-Link,"[5, 11]"
224,ищупарнядлясъёмок,ищу парня для съёмок,"[3, 8, 11]"
225,"новыйковёр,мягкий","новый ковёр, мягкий","[5, 11]"
226,куплючасыCasio,куплю часы Casio,"[5, 9]"
227,ищупоставщикаовощей,ищу поставщика овощей,"[3, 13]"
228,"сдамстудию,центргорода","с дам студию, центр города","[1, 4, 11, 16]"
229,куплюпылесосмоющий,куплю пылесос моющий,"[5, 12]"
230,ищудизайнераинтерьера,ищу дизайнера интерьера,"[3, 12]"
231,"новыйхолодильник,белый","новый холодильник, белый","[5, 17]"
232,"ищуняню,полныйдень","ищу няню, полный день","[3, 8, 14]"
233,сдамквартирустехникой,с дам квартиру с техникой,"[1, 4, 12, 13]"
234,куплюплитугазовую,куплю плиту газовую,"[5, 10]"
235,ищуврачакардиолога,ищу врача кардиолога,"[3, 8]"
236,новыйчайникэлектрический,новый чайник электрический,"[5, 11]"
237,куплюстульядеревянные,куплю стулья деревянные,"[5, 11]"
238,ищуповаравкафе,ищу повара в кафе,"[3, 9, 10]"
239,сдамдомнамесяц,с дам дом на месяц,"[1, 4, 7, 9]"
240,куплюавтомобильбу,куплю автомобиль бу,"[5, 15]"
241,ищупрограммистаpython,ищу программиста python,"[3, 15]"
242,новаяпосудомойкаBosch,новая посудомойка Bosch,"[5, 16]"
243,куплюкамеруCanon,куплю камеру Canon,"[5, 11]"
244,ищуработубариста,ищу работу бариста,"[3, 9]"
245,"сдамстудию,срочно","с дам студию, срочно","[1, 4, 11]"
246,куплюайфон15про,куплю айфон 15 про,"[5, 10, 12]"
247,сдамквартирувцентре,с дам квартиру в центре,"[1, 4, 12, 13]"
248,ищуработупрограммистом,ищу работу программистом,"[3, 9]"
249,новаямебельвналичии,новая мебель в наличии,"[5, 11, 12]"
250,куплютелевизорSamsung,куплю телевизор Samsung,"[5, 14]"
251,ищутаксидоаэропорта,ищу такси до аэропорта,"[3, 8, 10]"
252,срочноотдамкотенка,срочно отдам котенка,"[6, 11]"
253,куплюхолодильникбу,куплю холодильник бу,"[5, 16]"
254,сдаюдачусбаней,сдаю дачу с баней,"[4, 8, 9]"
255,куплювелосипедновый,куплю велосипед новый,"[5, 14]"
256,ищустудиюбезмебели,ищу студию без мебели,"[3, 9, 12]"
257,сдамкомнатунамесяц,с дам комнату на месяц,"[1, 4, 11, 13]"
258,куплюмониторSamsung,куплю монитор Samsung,"[5, 12]"
259,ищусобакухаски,ищу собаку хаски,"[3, 9]"
260,новаякурткадоставказавтра,новая куртка доставка завтра,"[5, 11, 19]"
261,куплютелевизорLG,куплю телевизор LG,"[5, 14]"
262,ищуучителяиспанского,ищу учителя испанского,"[3, 10]"
263,сдамгаражсрочно,с дам гараж срочно,"[1, 4, 9]"
264,куплюноутбукLenovo,куплю ноутбук Lenovo,"[5, 12]"
265,ищуквартирупосуточно,ищу квартиру посуточно,"[3, 11]"
266,новыйстолистулья,новый стол и стулья,"[5, 9, 10]"
267,куплютелефонPixel,куплю телефон Pixel,"[5, 12]"
268,ищуврачастоматолога,ищу врача стоматолога,"[3, 8]"
269,сдаюофисваренду,сдаю офис в аренду,"[4, 8, 9]"
270,куплюгитаруGibson,куплю гитару Gibson,"[5, 11]"
271,ищуработукурьером,ищу работу курьером,"[3, 9]"
272,новыйноутбукMSI,новый ноутбук MSI,"[5, 12]"
273,куплюмикроволновкуLG,куплю микроволновку LG,"[5, 18]"
274,ищудевушкудляпрогулок,ищу девушку для прогулок,"[3, 10, 13]"
275,сдамскладнедорого,с дам склад не дорого,"[1, 4, 9, 11]"
276,куплюайпадбу,куплю айпадбу,[5]
277,ищусобакутаксу,ищу собаку таксу,"[3, 9]"
278,куплюкомпьютерMac,куплю компьютер Mac,"[5, 14]"
279,ищурепетиторапофизике,ищу репетитора по физике,"[3, 13, 15]"
280,сдамквартирупосуточно,с дам квартиру посуточно,"[1, 4, 12]"
281,куплюдиванкожаный,куплю диван кожаный,"[5, 10]"
282,ищуработудизайнером,ищу работу дизайнером,"[3, 9]"
283,новыйхолодильникдоставка,новый холодильник доставка,"[5, 16]"
284,куплютелевизорOLED,куплю телевизор OLED,"[5, 14]"
285,ищустудиюсремонтом,ищу студию с ремонтом,"[3, 9, 10]"
286,сдамкомнатубезмебели,с дам комнату без мебели,"[1, 4, 11, 14]"
287,куплюпылесосXiaomi,куплю пылесос Xiaomi,"[5, 12]"
288,ищурепетиторапорусскому,ищу репетитора по русскому,"[3, 13, 15]"
289,новаямебельназаказ,новая мебель на заказ,"[5, 11, 13]"
290,куплюнаушникиSony,куплю наушники Sony,"[5, 13]"
291,ищумастерапомебели,ищу мастера по мебели,"[3, 10, 12]"
292,сдамдачуналето,с дам дачу на лето,"[1, 4, 8, 10]"
293,ищуработутестировщиком,ищу работу тестировщиком,"[3, 9]"
294,новыйтелефонHonor,новый телефон Honor,"[5, 12]"
295,куплюматрасбу,куплю матрасбу,[5]
296,ищусобакубигля,ищу собаку бигля,"[3, 9]"
297,сдамгаражвцентре,с дам гараж в центре,"[1, 4, 9, 10]"
298,куплюноутбукAcer,куплю ноутбук Acer,"[5, 12]"
299,ищустудиюнадлительныйсрок,ищу студию на длительный срок,"[3, 9, 11, 21]"
300,новыйдиванвналичии,новый диван в наличии,"[5, 10, 11]"
301,куплюстолобеденный,куплю стол обеденный,"[5, 9]"
302,ищуврачатерапевта,ищу врача терапевта,"[3, 8]"
303,сдаюквартирусремонтом,сдаю квартиру с ремонтом,"[4, 12, 13]"
304,куплюмиксерBosch,куплю миксер Bosch,"[5, 11]"
305,ищуподработкувечером,ищу подработку вечером,"[3, 13]"
306,новаякурткамужская,новая куртка мужская,"[5, 11]"
307,куплютелевизорJVC,куплю телевизор JVC,"[5, 14]"
308,ищурепетиторапоинформатике,ищу репетитора по информатике,"[3, 13, 15]"
309,сдамдомуморя,с дам дому моря,"[1, 4, 8]"
310,куплюпланшетHuawei,куплю планшет Huawei,"[5, 12]"
311,ищуработуменеджером,ищу работу менеджером,"[3, 9]"
312,новыйноутбукDell,новый ноутбук Dell,"[5, 12]"
313,куплюкреслокомпьютерное,куплю кресло компьютерное,"[5, 11]"
314,ищусобакуджекрассел,ищу собаку джек рассел,"[3, 9, 13]"
315,сдамстудиюбезпосредников,с дам студию без посредников,"[1, 4, 10, 13]"
316,куплювелосипедGiant,куплю велосипед Giant,"[5, 14]"
317,ищуврачахирурга,ищу врача хирурга,"[3, 8]"
318,новыйпылесосдоставка,новый пылесос доставка,"[5, 12]"
319,куплюайфон13,куплю айфон 13,"[5, 10]"
320,сдамкомнатудлядевушки,с дам комнату для девушки,"[1, 4, 11, 14]"
321,куплюхолодильникновый,куплю холодильник новый,"[5, 16]"
322,ищуработуводителем,ищу работу водителем,"[3, 9]"
323,новыйдиванугловой,новый диван угловой,"[5, 10]"
324,ищустудиюсмебелью,ищу студию с мебелью,"[3, 9, 10]"
325,сдамдачунедорого,с дам дачу не дорого,"[1, 4, 8, 10]"
326,куплюмикроволновкубу,куплю микроволновку бу,"[5, 18]"
327,ищусобакупуделя,ищу собаку пуделя,"[3, 9]"
328,новыйтелевизорTCL,новый телевизор TCL,"[5, 14]"
329,куплюноутбукAsus,куплю ноутбук Asus,"[5, 12]"
330,ищуучителяфранцузского,ищу учителя французского,"[3, 10]"
331,ищурепетиторапоалгебре,ищу репетитора по алгебре,"[3, 13, 15]"
332,новаякухнявналичии,новая кухня в наличии,"[5, 10, 11]"
333,куплюкомпьютерDell,куплю компьютер Dell,"[5, 14]"
334,ищуработупродавцом,ищу работу продавцом,"[3, 9]"
335,куплютелевизорSharp,куплю телевизор Sharp,"[5, 14]"
336,ищусобакулайку,ищу собаку лайку,"[3, 9]"
337,продамдиванбу,продам диван бу,"[6, 11]"
338,2024год,2024 год,[4]
339,ищуработупрограммистомудаленно,ищу работу программистом удаленно,"[3, 9, 22]"
340,"холодильниксломался,помогитесрочно","холодильник сломался, помогите срочно","[11, 20, 28]"
341,АВТОМОЙКАРЯДОМ,АВТОМОЙКАРЯДОМ,[]
342,телевизорLG55,телевизор LG55,[9]
343,МоскваIkeaдоставка,Москва Ikea доставка,"[6, 10]"
344,срочноищуквартирууметро,срочно ищу квартиру у метро,"[6, 9, 17, 18]"
345,"ноутбукневключается,чтоделать?","ноутбук не включается, что делать?","[7, 9, 20, 23]"
346,новыйстолIkeaдоставка,новый стол Ikea доставка,"[5, 9, 13]"
347,продаюкошкувхорошиеруки,продаю кошку в хорошие руки,"[6, 11, 12, 19]"
348,Windows11незапускается,Windows 11 не запускается,"[7, 9, 11]"
349,продаюPlaystation5почтиновая,продаю Playstation 5 почти новая,"[6, 17, 18, 23]"
350,квартирасремонтомимебелью,квартира с ремонтом и мебелью,"[8, 9, 17, 18]"
351,"Avitoнеоткрывается,помогите","Avito не открывается, помогите","[5, 7, 19]"
352,хочукупитьвелосипедбу,хочу купить велосипед бу,"[4, 10, 19]"
353,ищурепетиторапоматематике,ищу репетитора по математике,"[3, 13, 15]"
354,сушидоставканочью,суши доставка ночью,"[4, 12]"
355,нужнапомощьвпереездесрочно,нужна помощь в переезде срочно,"[5, 11, 12, 20]"
356,айфон14промакс,айфон 14 про макс,"[5, 7, 10]"
357,ищуключиотмашины,ищу ключи от машины,"[3, 8, 10]"
358,Сбербанкнеработаетбанкомат,Сбербанк не работает банкомат,"[8, 10, 18]"
359,продаюкомодбуторг,продаю комод буторг,"[6, 11]"
360,куплюцветырозытюльпаны,куплю цветы розы тюльпаны,"[5, 10, 14]"
361,хочузаказатьтаксиваэропорт,хочу заказать такси в аэропорт,"[4, 12, 17, 18]"
362,ищудомвдеревненалето,ищу дом в деревне на лето,"[3, 6, 7, 14, 16]"
363,куплюноутбукдляигр,куплю ноутбук для игр,"[5, 12, 15]"
364,отдамдаромстарыйшкаф,отдам даром старый шкаф,"[5, 10, 16]"
365,ищумастерапоремонтуноутбуков,ищу мастера по ремонту ноутбуков,"[3, 10, 12, 19]"
366,автосервиспоблизости,автосервис поблизости,[10]
367,продаюiPhoneXR,продаю iPhoneXR,[6]
368,ищуквартирувМосквенедорого,ищу квартиру вМоскве недорого,"[3, 11, 18]"
369,собакапотеряласьнаулице,собака потерялась на улице,"[6, 16, 18]"
370,ищуработуофициантомвечером,ищу работу официантом вечером,"[3, 9, 19]"
371,подарюкотенкахорошимлюдям,подарю котенка хорошим людям,"[6, 13, 20]"
372,SamsungA54новый,SamsungA 54 новый,"[8, 10]"
373,квартирастудиядолгосрочно,квартира студия долгосрочно,"[8, 14]"
374,ИвановИванСергеевич,ИвановИванСергеевич,[]
375,ищуавтозапчастинаВАЗ,ищу автозапчасти наВАЗ,"[3, 15]"
376,сломалсяпылесосSamsung,сломался пылесос Samsung,"[8, 15]"
377,срочнонуженмастер-сантехник,срочно нужен мастер-сантехник,"[6, 11]"
378,ищудешевыеавиабилеты,ищу дешевые авиабилеты,"[3, 10]"
379,куплюбилетывтеатр,куплю билеты в театр,"[5, 11, 12]"
380,новыйхолодильникдешево,новый холодильник дешево,"[5, 16]"
381,iPhone15Pro,iPhone 15 Pro,"[6, 8]"
382,ремонтобувирядом,ремонт обуви рядом,"[6, 11]"
383,сдамкомнатустуденту,с дам комнату студенту,"[1, 4, 11]"
384,хочузаказатьсуши!,хочу заказать суши!,"[4, 12]"
385,"ноутбукзависаетчасто,чтоделать","ноутбук зависает часто, что делать","[7, 15, 21, 24]"
386,ЯндексЕданеработает,ЯндексЕда не работает,"[9, 11]"
387,ищузапчастинаВАЗ2107,ищу запчасти наВАЗ2107,"[3, 11]"
388,ремонтiPhoneбыстро,ремонт iPhone быстро,"[6, 12]"
389,хочукупитьсамокатребенку,хочу купить самокат ребенку,"[4, 10, 17]"
390,ищурепетиторапоанглийскому,ищу репетитора по английскому,"[3, 13, 15]"
391,сдаюквартирупосуточно,сдаю квартиру посуточно,"[4, 12]"
392,доставкаедыМосква,доставка едыМосква,[8]
393,продамкурткубу,продам куртку бу,"[6, 12]"
394,куплюколесазима,куплю колеса зима,"[5, 11]"
395,ремонткомпьютеровнедорого,ремонт компьютеров не дорого,"[6, 17, 19]"
396,продаюстулIkea,продаю стул Ikea,"[6, 10]"
397,автостеклозамена,авто стекло замена,"[4, 10]"
398,нуженмастерпомебели,нужен мастер по мебели,"[5, 11, 13]"
399,куплюдетскуюколяску,куплю детскую коляску,"[5, 12]"
400,продаюXboxSeriesS,продаю XboxSeriesS,[6]
401,хочукупитьмороженое,хочу купить мороженое,"[4, 10]"
402,ремонтiPhoneМосква,ремонт iPhoneМосква,[6]
403,хочукофелатте,хочу кофе латте,"[4, 8]"
404,"IKEAзакрылась,чтоделать?","IKEA закрылась, что делать?","[4, 14, 17]"
405,ищуподругудляобщения,ищу подругу для общения,"[3, 10, 13]"
406,срочнонуженрепетитор,срочно нужен репетитор,"[6, 11]"
407,"потерялпаспорт,помогите","потерял паспорт, помогите","[7, 15]"
408,куплюдетскиевещи,куплю детские вещи,"[5, 12]"
409,ремонтiPhoneсрочно,ремонт iPhone срочно,"[6, 12]"
410,ищуавтоспробегом,ищу авто с пробегом,"[3, 7, 8]"
411,куплюiPhone12,куплю iPhone 12,"[5, 11]"
412,новыйдивандоставка,новый диван доставка,"[5, 10]"
413,квартирасремонтомнедорого,квартира с ремонтом не дорого,"[8, 9, 17, 19]"
414,хочукупитьтелевизорSamsung,хочу купить телевизор Samsung,"[4, 10, 19]"
415,срочнопродаювелосипедбу,срочно продаю велосипед бу,"[6, 12, 21]"
416,ищустудентадляпомощи,ищу студента для помощи,"[3, 11, 14]"
417,МоскваСбербанкбанкомат,МоскваСбербанк банкомат,[14]
418,ищумебельбунедорого,ищу мебельбу не дорого,"[3, 11, 13]"
419,ноутбукAsusROG,ноутбук AsusROG,[7]
420,хочузаказатьпиццу,хочу заказать пиццу,"[4, 12]"
421,сдаюквартирунамесяц,сдаю квартиру на месяц,"[4, 12, 14]"
422,ищудешёвыйтелефон,ищу дешёвый телефон,"[3, 10]"
423,продаммониторбу,продам монитор бу,"[6, 13]"
424,ищуспециалистапоремонту,ищу специалиста по ремонту,"[3, 14, 16]"
425,куплюгитарунедорого,куплю гитару недорого,"[5, 11]"
426,ищукнигупоистории,ищу книгу по истории,"[3, 8, 10]"
427,старыйтелевизорработает,старый телевизор работает,"[6, 15]"
428,куплюсамокатдетский,куплю самокат детский,"[5, 12]"
429,"ищусобаку,пропала","ищу собаку, пропала","[3, 10]"
430,Аятанцуюпьяныйподдождём,Ая танцую пьяный под дождём,"[2, 8, 14, 17]"
431,"Курилитолькосиги,есличё","Курили только сиги, если чё","[6, 12, 17, 21]"
432,Нашобразжизнистанетпалачом,Наш образ жизни станет палачом,"[3, 8, 13, 19]"
433,Нискольконежалеюниочём,Нисколько не жалею ни о чём,"[9, 11, 16, 18, 19]"
434,"Грустно,когдарасписанывсемаршруты","Грустно, когда расписаны все маршруты","[8, 13, 22, 25]"
435,Когданачасахважныминуты,Когда на часах важны минуты,"[5, 7, 12, 17]"
436,Ивсенасветесталокак-тоскучноиглупо,Ивсе на свете стало как-то скучно и глупо,"[4, 6, 11, 16, 22, 28, 29]"
437,"Мояшизазнает,когданажатьнаплей","Мояшиза знает, когда нажать на плей","[7, 13, 18, 24, 26]"
438,"Неждименяродная,закрывайназамокдверь","Не жди меня родная, закрывай на замок дверь","[2, 5, 9, 16, 24, 26, 31]"
439,"Утродоброе,держименяфонарь","Утро доброе, держи меня фонарь","[4, 11, 16, 20]"
440,"Очкитёмные,спрячьтемнеглаза","Очки тёмные, спрячьте мне глаза","[4, 11, 19, 22]"
441,"Солнцеяркое,прошусогрейменя","Солнце яркое, прошу согрей меня","[6, 12, 17, 23]"
442,"Быловесело,ноябнеповторял","Было весело, но я б не повторял","[4, 11, 13, 14, 15, 17]"
443,Якалендарьперевернул,Якалендарь перевернул,[10]
444,Исноватретьесентября,Иснова третье сентября,"[6, 12]"
445,Нафотоятвоёвзгляну,На фото я твоё взгляну,"[2, 6, 7, 11]"
446,"Нопочему,нопочему","Но почему, но почему","[2, 9, 11]"
447,Расстатьсявсёженампришлось?,Расстаться всё же нам пришлось?,"[10, 13, 15, 18]"
448,Ведьбыловсёунасвсерьёз,Ведь было всё у нас всерьёз,"[4, 8, 11, 12, 15]"
449,Второгосентября,Второго сентября,[7]
450,Журавлейбелыйклин,Журавлей белый клин,"[8, 13]"
451,Твоядочьимойсын—,Твоя дочь и мой сын —,"[4, 8, 9, 12, 15]"
452,Всехотяттеплотыиласки,Все хотят теплоты и ласки,"[3, 8, 15, 16]"
453,"Мывлюбовь,каквигру,","Мыв любовь, как в игру,","[3, 10, 13, 14]"
454,Нахолодномветру,На холодном ветру,"[2, 10]"
455,Поигралистобой,Поиграли с тобой,"[8, 9]"
456,Нопришёлсамсобой,Нопришёл сам собой,"[8, 11]"
457,"Выцветшаятень,выжженнаяна","Выцветшая тень, выжженная на","[9, 14, 23]"
458,Городскомландшафтеменязовёт,Городском ландшафте меня зовёт,"[9, 18, 22]"
459,Окнаянтарёмлижутмнеглаза,Окна янтарём лижут мне глаза,"[4, 11, 16, 19]"
460,Кровьислепотаволокутвперёд,Кровь и слепота волокут вперёд,"[5, 6, 13, 20]"
461,Лёгкиеопухли,Лёгкие опухли,[6]
462,Амороксквозьтолпу,Аморок сквозь толпу,"[6, 12]"
463,"Манит,игнорируяменя","Манит, игнорируя меня","[6, 15]"
464,Толькобыдогнал,Только бы догнал,"[6, 8]"
465,Яегопочтидогнал,Яего почти догнал,"[4, 9]"
466,Телоисполняетсяогня,Тело исполняется огня,"[4, 15]"
467,"Сердцелупитмневгрудь,каквгонг","Сердце лупит мне в грудь, как в гонг","[6, 11, 14, 15, 21, 24, 25]"
468,Расползаясьпососудамраскатами,Расползаясь по сосудам раскатами,"[11, 13, 20]"
469,Ветхийгородприменяетзакон,Ветхий город применяет закон,"[6, 11, 20]"
470,Чтобыдваблизнецаоказалисьразъятыми,Чтобы два близнеца оказались разъятыми,"[5, 8, 16, 25]"
471,"Ядавлюсь,изрыгаяогонь","Ядавлюсь, изрыгая огонь","[9, 16]"
472,Глоткамивоздуха,Глотками воздуха,[8]
473,Наальвеолахраспятыми,Наальвеолах распятыми,[11]
474,Вэтомстробоскопическомкино,Вэтом стробоскопическом кино,"[5, 22]"
475,Длядостижениярубежа,Для достижения рубежа,"[3, 13]"
476,"Мненехватаетдыхания,но","Мне не хватает дыхания, но","[3, 5, 12, 20]"
477,Япродолжаючтоестьмочибежать,Япродолжаю что есть мочи бежать,"[10, 13, 17, 21]"
478,Толькоменябеспокоитодно,Только меня беспокоит одно,"[6, 10, 19]"
479,Лёгкиебудтопоеларжа,Лёгкие будто поела ржа,"[6, 11, 16]"
480,Япродолжаюзанимбежать,Япродолжаю за ним бежать,"[10, 12, 15]"
481,"Яананас,ятакойжекакон","Яананас, я такой же как он","[8, 9, 14, 16, 19]"
482,Колючийвнутриисовсехсторон,Колючий внутри и со всех сторон,"[7, 13, 14, 16, 20]"
483,Нешутисомной,Нешути со мной,"[6, 8]"
484,Ятропическийлев,Ятропический лев,[12]
485,АркадийУкупник—кусающийлжец,АркадийУкупник — кусающий лжец,"[14, 15, 23]"
486,"Тот,ктовпятнадцатьлетубежализдома,","Тот, кто в пятнадцать лет убежал из дома,","[4, 7, 8, 18, 21, 27, 29]"
487,"Врядлипойметтого,ктоучилсявспецшколе.","Вряд ли поймет того, кто учился в спецшколе.","[4, 6, 12, 17, 20, 26, 27]"
488,"Тот,укогоестьхорошийжизненныйплан,","Тот, у кого есть хороший жизненный план,","[4, 5, 9, 13, 20, 29]"
489,Врядлибудетдуматьочем-тодругом.,Вряд ли будет думать о чем-то другом.,"[4, 6, 11, 17, 18, 24]"
490,"Мыпьемчайвстарыхквартирах,","Мыпьем чай в старых квартирах,","[6, 9, 10, 16]"
491,"Ждемлетавстарыхквартирах,","Ждем лета в старых квартирах,","[4, 8, 9, 15]"
492,"Встарыхквартирах,гдеестьсвет,","Встарых квартирах, где есть свет,","[7, 17, 20, 24]"
493,"Газ,телефон,горячаявода,","Газ, телефон, горячая вода,","[4, 12, 19]"
494,"Радиоточка,пол-паркет,","Радиоточка, пол-паркет,",[11]
495,"Санузелраздельный,домкирпичный,","Санузел раздельный, дом кирпичный,","[7, 18, 21]"
496,"Однасемья,двесемьи,трисемьи...","Одна семья, две семьи, три семьи...","[4, 10, 13, 19, 22]"
497,"Многоподсобныхпомещений,","Много подсобных помещений,","[5, 14]"
498,"Первыйипоследний-непредлагать,","Первый и последний - не предлагать,","[6, 7, 16, 17, 19]"
499,"Рядомсметро,центр...","Рядом с метро, центр...","[5, 6, 12]"
500,"Всеговорят,чтомыв-месте...","Все говорят, что мы в-месте...","[3, 11, 14, 16]"
501,"Всеговорят,нонемногиезнают,вкаком.","Все говорят, но немногие знают, в каком.","[3, 11, 13, 21, 27, 28]"
502,Аизнашихтрубидетнеобычныйдым.,Аиз наших труб идет необычный дым.,"[3, 8, 12, 16, 25]"
503,Стой!Опаснаязона!Работамозга!..,Стой!Опасная зона!Работа мозга!..,"[12, 23]"
504,Пожалуйстанеумирай,Пожалуйста не умирай,"[10, 12]"
505,Илимнепридетсятоже,Или мне придется тоже,"[3, 6, 14]"
506,Тыконечносразуврай,Ты конечно сразу в рай,"[2, 9, 14, 15]"
507,Аянедумаючтотоже,Аяне думаю что тоже,"[4, 9, 12]"
508,Хочешьсладкихапельсинов,Хочешь сладких апельсинов,"[6, 13]"
509,Хочешьвслухрассказдлинный,Хочешь вслух рассказ длинный,"[6, 11, 18]"
510,Хочешьявзорвувсезвезды,Хочешь я взорву все звезды,"[6, 7, 13, 16]"
511,Чтомешаютспать,Что мешают спать,"[3, 9]"
512,Пожалуйстатолькоживи,Пожалуйста только живи,"[10, 16]"
513,Тыжевидишьяживутобою,Тыже видишь я живу тобою,"[4, 10, 11, 15]"
514,Моейогромнойлюбви,Моей огромной любви,"[4, 12]"
515,Хватитнамдвоимсголовою,Хватит нам двоим с головою,"[6, 9, 14, 15]"
516,Хочешьмореспарусами,Хочешь море с парусами,"[6, 10, 11]"
517,Хочешьмузыкновыхсамых,Хочешь музы к новых самых,"[6, 10, 11, 16]"
518,Хочешьяубьюсоседей,Хочешь я убью соседей,"[6, 7, 11]"
519,Хочешьсолнцевместолампы,Хочешь солнце вместо лампы,"[6, 12, 18]"
520,ХочешьзаокошкомАльпы,Хочешь за окошкомАльпы,"[6, 8]"
521,Хочешьяотдамвсепесни,Хочешь я отдам все песни,"[6, 7, 12, 15]"
522,Протебяотдамвсепесни,Про тебя отдам все песни,"[3, 7, 12, 15]"
523,"Яискалатебягодамидолгими,","Яискала тебя годами долгими,","[7, 11, 17]"
524,Искалатебядворамитемными.,Искала тебя дворами темными.,"[6, 10, 17]"
525,"Вжурналах,вкино,средидрузей.","Вжурналах, в кино, среди друзей.","[10, 11, 16, 21]"
526,"Вдень,когданашла,сумасошла.","Вдень, когда нашла, с ума сошла.","[6, 11, 17, 18, 21]"
527,"Ты,совсемкаквосне,","Ты, совсем как во сне,","[3, 9, 12, 14]"
528,"Совсемкаквальбомах,","Совсем как в альбомах,","[6, 9, 10]"
529,Гдеярисовалатебягуашью.,Где я рисовала тебя гуашью.,"[3, 4, 12, 16]"
530,"Дальшебылизвонки,ночныебольше.","Дальше были звонки, ночные больше.","[6, 10, 17, 23]"
531,"Слезы,нервы,любовьистрелкивПольше.","Слезы, нервы, любовь и стрелки вПольше.","[6, 12, 18, 19, 26]"
532,"Дети,нонемои,старыезазнобы,","Дети, но не мои, старые зазнобы,","[5, 7, 9, 13, 19]"
533,"Куришькаждыепять,мыусталиоба.","Куришь каждые пять, мы устали оба.","[6, 12, 17, 19, 25]"
534,...годамидолгими.,... годами долгими.,"[3, 9]"
535,...ночамитемными.,... ночами темными.,"[3, 9]"
536,"Искалатебядворамитемными,","Искала тебя дворами темными,","[6, 10, 17]"
537,"Вжурналах,вкино,годамидолгими,","Вжурналах, в кино, годами долгими,","[10, 11, 16, 22]"
538,"Искалатебяночами,чами,чами,чами...","Искала тебя ночами, чами, чами, чами...","[6, 10, 17, 22, 27]"
539,Большиегорода,Большие города,[7]
540,Пустыепоезда,Пустые поезда,[6]
541,Нибереганидна,Ни берега ни дна,"[2, 8, 10]"
542,Всеначинатьсначала,Все начинать сначала,"[3, 11]"
543,Холоднаявойна,Холодная война,[8]
544,Ивремякаквода,Ивремя как вода,"[6, 9]"
545,Оннесошелсума,Онне сошел с ума,"[4, 9, 10]"
546,Тыничегонезнала,Ты ничего не знала,"[2, 8, 10]"
547,Полковникуниктонепишет,Полковнику никто не пишет,"[10, 15, 17]"
548,Полковниканиктонеждет,Полковника никто не ждет,"[10, 15, 17]"
549,Налинииогня,На линии огня,"[2, 7]"
550,Пустыегорода,Пустые города,[6]
551,Вкоторыхникогда,Вкоторых никогда,[8]
552,Тыраньшенебывала,Ты раньше не бывала,"[2, 8, 10]"
553,Ирвутсяпоезда,Ирвутся поезда,[7]
554,Натонкиеслова,На тонкие слова,"[2, 8]"
555,Ясижуисмотрювчужоенебоизчужогоокна,Ясижу и смотрю в чужое небо из чужого окна,"[5, 6, 12, 13, 18, 22, 24, 30]"
556,Иневижуниоднойзнакомойзвезды.,Ине вижу ни одной знакомой звезды.,"[3, 7, 9, 14, 22]"
557,"Яходилповсемдорогамитуда,исюда,","Яходил по всем дорогами туда, и сюда,","[6, 8, 12, 20, 25, 26]"
558,Обернулся-инесмогразглядетьследы.,Обернулся - и не смог разглядеть следы.,"[9, 10, 11, 13, 17, 27]"
559,"Ноеслиестьвкарманепачкасигарет,","Но если есть в кармане пачка сигарет,","[2, 6, 10, 11, 18, 23]"
560,Значитвсенетакужплохонасегодняшнийдень.,Значит все не так уж плохо на сегодняшний день.,"[6, 9, 11, 14, 16, 21, 23, 34]"
561,"Ибилетнасамолетссеребристымкрылом,","Ибилет на самолет с серебристым крылом,","[6, 8, 15, 16, 27]"
562,"Что,взлетая,оставляетземлелишьтень.","Что, взлетая, оставляет земле лишь тень.","[4, 12, 21, 26, 30]"
563,"Иниктонехотелбытьвиноватымбезвина,","Иникто не хотел быть виноватым без вина,","[6, 8, 13, 17, 26, 29]"
564,"Иниктонехотелрукамижарзагребать,","Иникто не хотел руками жар загребать,","[6, 8, 13, 19, 22]"
565,"Абезмузыкинамирусмертьнекрасна,","Абез музыки на миру смерть некрасна,","[4, 10, 12, 16, 22]"
566,Абезмузыкинехочетсяпропадать.,Абез музыки не хочется пропадать.,"[4, 10, 12, 19]"
567,"Призрачновсевэтоммиребушующем,","Призрачно все в этом мире бушующем,","[9, 12, 13, 17, 21]"
568,Естьтолькомиг-занегоидержись.,Есть только миг-за него и держись.,"[4, 10, 16, 20, 21]"
569,"Естьтолькомигмеждупрошлымибудущим,-","Есть только миг между прошлым и будущим,-","[4, 10, 13, 18, 25, 26]"
570,Именноонназываетсяжизнь.,Именно он называется жизнь.,"[6, 8, 18]"
571,"Вечныйпокойсердцеврядлиобрадует,","Вечный покой сердце вряд ли обрадует,","[6, 11, 17, 21, 23]"
572,Вечныйпокой-дляседыхпирамид.,Вечный покой - для седых пирамид.,"[6, 11, 12, 15, 20]"
573,"Адлязвезды,чтосорваласьипадает","Адля звезды, что сорвалась и падает","[4, 11, 14, 23, 24]"
574,"Естьтолькомиг,ослепительныймиг.","Есть только миг, ослепительный миг.","[4, 10, 14, 27]"
575,"Пустьэтотмирвдальлетитсквозьстолетия,","Пусть этот мир в даль летит сквозь столетия,","[5, 9, 12, 13, 17, 22, 28]"
576,"Ноневсегдаподорогемнесним,","Ноне всегда по дороге мне с ним,","[4, 10, 12, 18, 21, 22]"
577,"Чемдорожу,чемрискуюнасветея?","Чем дорожу, чем рискую на свете я?","[3, 10, 13, 19, 21, 26]"
578,"Мигомодним,толькомигомодним.","Мигом одним, только мигом одним.","[5, 11, 17, 22]"
579,Счастьеданоповстречатьильбедуеще,Счастье дано повстречать иль беду еще,"[7, 11, 22, 25, 29]"
580,Естьтолькомиг-занегоидержись!,Есть только миг-за него и держись!,"[4, 10, 16, 20, 21]"
581,Волкиуходятвнебеса.,Волк и уходят в небеса.,"[4, 5, 11, 12]"
582,Горятхолодныеглаза.,Горят холодные глаза.,"[5, 13]"
583,Приказаверитьвчудеса,Прика заверить в чудеса,"[5, 13, 14]"
584,Непоступало.,Не поступало.,[2]
585,"Икаждыйденьдругаяцель,","Икаждый день другая цель,","[7, 11, 17]"
586,"Тостеныгор,тогорыстен","То стены гор, то горы стен","[2, 7, 11, 13, 17]"
587,Иждётотчаянныхгостей,Иждёт отчаянных гостей,"[5, 14]"
588,Чужаястая.,Чужая стая.,[5]
589,"Спиной,","Спиной,",[]
590,Кветруивсёже,Кветру и всё же,"[6, 7, 10]"
591,Вырватьсяможет,Вырваться может,[9]
592,Чья-тодуша.,Чья-то душа.,[6]
593,"Спасёт,","Спасёт,",[]
594,Нонепоможет,Ноне поможет,[4]
595,"Чувствуюкожей,","Чувствую кожей,",[8]
596,Пропащая.,Пропащая.,[]
597,"Непомнятслов,невидятснов","Непомнят слов, не видят снов","[8, 13, 15, 20]"
598,Перерослисвоихотцов.,Переросли своих отцов.,"[9, 14]"
599,"И,кажется,рукабойцов","И, кажется, рука бойцов","[2, 10, 14]"
600,Колотьустала.,Колоть устала.,[6]
601,Позорислававихкрови,Позор и слава в их крови,"[5, 6, 11, 12, 14]"
602,Хватаетсмертиилюбви,Хватает смерти и любви,"[7, 13, 14]"
603,Носкольковолканекорми,Носколько волка не корми,"[9, 14, 16]"
604,Емувсемало.,Ему все мало.,"[3, 6]"
605,"Волкиуходят,","Волк и уходят,","[4, 5]"
606,Волкиуходят...,Волк и уходят...,"[4, 5]"
607,"Всёизчегомоисомнениясотканы,тонко.","Всё из чего мои сомнения сотканы, тонко.","[3, 5, 9, 12, 20, 28]"
608,"Какойчудесныйдень,мояструитсялень","Ка кой чудесный день, моя струится лень","[2, 5, 13, 18, 21, 29]"
609,Награнипросветления,Награни просветления,[7]
610,Сияетшамбалаинежитсядуша,Сияет шамбала и нежится душа,"[5, 12, 13, 20]"
611,Внирваневоскресения.,Внирване воскресения.,[8]
612,"О,каклегкомоивоспоминаниявыцвели","О, как легко мои воспоминания выцвели","[2, 5, 10, 13, 25]"
613,Ктоятакойипочемусбиваютсямысли.,Кто я такой и почему сбиваются мысли.,"[3, 4, 9, 10, 16, 25]"
614,"Верхомназвезде,","Верхом на звезде,","[6, 8]"
615,"Вцепившисьвлучи,","Вцепившись в лучи,","[10, 11]"
616,Слунойнаповодке,Слуной на поводке,"[6, 8]"
617,Вночи,Вночи,[]
618,Верхомназвезде,Верхом на звезде,"[6, 8]"
619,"Несусьнавстречуветрам,","Несусь навстречу ветрам,","[6, 15]"
620,Кнесбывшейсямечте,Кнесбывшейся мечте,[12]
621,Иснам,Иснам,[]
622,"О,жизнь,тыпрекрасна,","О, жизнь, ты прекрасна,","[2, 8, 10]"
623,"О,жизнь,тыпрекраснавполне.","О, жизнь, ты прекрасна вполне.","[2, 8, 10, 19]"
624,Бываешьнемногоопасна.О-е.,Бываешь немного опасна.О-е.,"[7, 14]"
625,"Возьмимоесердце,","Возьми мое сердце,","[6, 9]"
626,"Храни,вспоминайобомне,","Храни, вспоминай обо мне,","[6, 15, 18]"
627,"Поверьмне,чтовсененапрасно.","Поверь мне, что все не напрасно.","[6, 10, 13, 16, 18]"
628,"Надлесом,рекой,","Над лесом, рекой,","[3, 9]"
629,Потеряннавсегда,Потерянна всегда,[9]
630,Покой.,Покой.,[]
631,Верхомназвезде.,Верхом на звезде.,"[6, 8]"
632,Mitornodiaboloesta.,Mitornodiaboloesta.,[]
633,Билетводинконец—,Билет в один конец —,"[5, 6, 10, 15]"
634,Весна,Весна,[]
635,Исоздалэтотмир,Исоздал этот мир,"[7, 11]"
636,Ясам,Ясам,[]
637,Верьмне…,Верь мне…,[4]
638,Ямаленькаялошадка,Ямаленькая лошадка,[10]
639,Имнеживётсянесладко,Имне живётся не сладко,"[4, 11, 13]"
640,Мнетруднонестимоюношу,Мнетрудно нести мою ношу,"[9, 14, 17]"
641,"Настанетдень,ияеёброшу","Настанет день, и я её брошу","[8, 13, 14, 15, 17]"
642,Ностоюоченьмногоденег,Ностою очень много денег,"[6, 11, 16]"
643,Иявезусвоюбольшуюповозку,Иявезу свою большую повозку,"[6, 10, 17]"
644,Стогонаэтотберег,Стого на этот берег,"[5, 7, 11]"
645,"Мнехочетсяплакать,мнехочетсясмеяться","Мне хочется плакать, мне хочется смеяться","[3, 10, 18, 21, 28]"
646,"Мнехочетсяпрыгать,валятьсяибрыкаться","Мне хочется прыгать, валяться и брыкаться","[3, 10, 18, 26, 27]"
647,"Чтобыбылидрузьяили,хотябыодин","Чтобы были друзья или, хотя бы один","[5, 9, 15, 19, 23, 25]"
648,"Нояработаю,каквол,вмоейтележкекокаин","Ноя работаю, как вол, в моей тележке кокаин","[3, 11, 14, 18, 19, 23, 30]"
649,"Яумруоченьрано,иязнаюобэтом","Яумру очень рано, и я знаю об этом","[5, 10, 15, 16, 17, 21, 23]"
650,"Можетбытьневесной,можетбытьраннимлетом","Может быть не весной, может быть ранним летом","[5, 9, 11, 18, 23, 27, 33]"
651,"Ялюблюслушатьпесни,икостранюхатьдым","Ялюблю слушать песни, и костранюхать дым","[6, 13, 19, 20, 32]"
652,"Нонельзямнеотвлекаться,явезукокаин","Нонельзя мне отвлекаться, я везу кокаин","[8, 11, 23, 24, 28]"
653,"Яусталаужасно,яхочуотдохнуть","Яустала ужасно, я хочу отдохнуть","[7, 14, 15, 19]"
654,Съестьмешковдесятьсенаинадолгоуснуть,Съесть мешков десять сена и надолго уснуть,"[6, 12, 18, 22, 23, 30]"
655,Яхочукперелётнымптицамвклинитьсявклин,Яхочу к перелётным птицам в клиниться в клин,"[5, 6, 16, 22, 23, 32, 33]"
656,"Ноработаважней,заспинойкокаин","Норабота важней, за спиной кокаин","[8, 15, 17, 23]"
657,"Мнепротивноитрудно,нонельзяотступить","Мне противно и трудно, но нельзя отступить","[3, 11, 12, 19, 21, 27]"
658,"Хотьихочетсяесть,хотьихочетсяпить","Хоть и хочется есть, хоть и хочется пить","[4, 5, 12, 17, 21, 22, 29]"
659,Мыкогда-нибудьзаэтовадскомпламенисгорим,Мы когда-нибудь за это в адском пламени сгорим,"[2, 14, 16, 19, 20, 26, 33]"
660,"Новсёэтопотом,авданныймоменткокаин","Но всё это потом, а в данный момент кокаин","[2, 5, 8, 14, 15, 16, 22, 28]"
661,"Мнеобидно,икапаютслёзы","Мне обидно, и капают слёзы","[3, 10, 11, 17]"
662,Когдамнеподногикидаютрозы,Когда мне под ноги кидают розы,"[5, 8, 11, 15, 21]"
663,Когдалюдинаулицахивокнахквартир,Когда люди на улицах и в окнах квартир,"[5, 9, 11, 17, 18, 19, 24]"
664,Менявстречаютиустраиваютпирнавесьмир,Меня встречают и устраивают пир на весь мир,"[4, 13, 14, 24, 27, 29, 33]"
665,Мнерадыдажемалыедети,Мне рады даже малые дети,"[3, 7, 11, 16]"
666,Мнемашутдажедеревьевветви,Мне машут даже деревьев ветви,"[3, 8, 12, 20]"
667,"Меняприветствуютвсе,все,какодин","Меня приветствуют все, все, как один","[4, 16, 20, 24, 27]"
668,Япривезлаимновыймир,Япривезла им новый мир,"[9, 11, 16]"
669,Япривезлакокаин,Япривезла кокаин,[9]
670,ВпиласьзанозойвсердцемоестрелаКупидона,Впилась занозой в сердце мое стрелаКупидона,"[7, 14, 15, 21, 24]"
671,Хочетсявытащитьиникогданедуматьобэтом,Хочется вытащить и никогда не думать об этом,"[7, 15, 16, 23, 25, 31, 33]"
672,Больнестерпимаимнедосихпорбыланезнакома,Боль нестерпима и мне до сих пор была незнакома,"[4, 14, 15, 18, 20, 23, 26, 30]"
673,Солнцебезжалостновыжглоглазасвоимяркимсветом,Солнце безжалостно выжгло глаза своим ярким светом,"[6, 17, 23, 28, 33, 38]"
674,"Однаонаповсюду,гдебынескрылсяя","Одна она повсюду, где бы не скрылся я","[4, 7, 15, 18, 20, 22, 29]"
675,Вовсехглазахилицахтолькооднаона,Во всех глазах и лицах только одна она,"[2, 6, 12, 13, 18, 24, 28]"
676,"Большенетместа,гдебыямогзализыватьраны","Больше нет места, где бы я мог зализывать раны","[6, 9, 15, 18, 20, 21, 24, 34]"
677,Крыльяразбитыителомоевовластигангрены,Крылья разбиты и тело мое во власти гангрены,"[6, 13, 14, 18, 21, 23, 29]"
678,"Силбольшенет,нетсна,лишьстрахпостоянный","Сил больше нет, нет сна, лишь страх постоянный","[3, 9, 13, 16, 20, 24, 29]"
679,Лишьголоствойвмоейголовеибелыестены,Лишь голос твой в моей голове и белые стены,"[4, 9, 13, 14, 18, 24, 25, 30]"
680,Лишьоднаона,Лишь одна она,"[4, 8]"
681,ВпилосьзанозойвсердцемоестрелаКупидона,Впилось занозой в сердце мое стрелаКупидона,"[7, 14, 15, 21, 24]"
682,Злобныйуродецникакнеоставитвпокое,Злобный уродец никак не оставит в покое,"[7, 13, 18, 20, 27, 28]"
683,"Пустьбудетбольно,силынайдуивыдернускорнем","Пусть будет больно, силы найду и выдерну с корнем","[5, 10, 17, 21, 26, 27, 34, 35]"
684,"Новаяжизнь.Нужнопонять,чтоэтотакое","Новая жизнь.Нужно понять, что это такое","[5, 16, 23, 26, 29]"
685,Лишьона,Лишь она,[4]
686,Жизньиногдавыпускаетжало,Жизнь иногда выпускает жало,"[5, 11, 20]"
687,"Стираяпрошлое,словновирус","Стирая прошлое, словно вирус","[6, 14, 20]"
688,Икхоккеистуженасбежала,Ик хоккеист уже на сбежала,"[2, 10, 13, 15]"
689,Инаработеполнешийминус,Инаработе полнеший минус,"[9, 17]"
690,Нонашгерой–несдаётся,Нонаш герой – не сдаётся,"[5, 10, 11, 13]"
691,"Слезыутри,","Слезы утри,",[5]
692,Пожизниидётисмеётся,По жизни идёт и смеётся,"[2, 7, 11, 12]"
693,"Вотон,смотри","Вот он, смотри","[3, 6]"
694,Онсамыйсчастливыйизнас,Он самый счастливый из нас,"[2, 7, 17, 19]"
695,Избранныйнебесами,Избранный небесами,[9]
696,ОнВам–нестарыйбаркас,ОнВам – не старый баркас,"[5, 6, 8, 14]"
697,Афрегатспарусами,Афрегат с парусами,"[7, 8]"
698,Вчёмжепричинатогда?,Вчём же причина тогда?,"[4, 6, 13]"
699,Триобычныестрочки,Три обычные строчки,"[3, 10]"
700,Ждутегодомавсегда,Ждут его дома всегда,"[4, 7, 11]"
701,Егопапиныдочки,Его папины дочки,"[3, 9]"
702,Онпомогаетдобрымсоветом,Он помогает добрым советом,"[2, 10, 16]"
703,Имудрымсловомонлечитдуши,Имудрым словом он лечит души,"[7, 13, 15, 20]"
704,"Навсевопросы,онзнаетответы","На все вопросы, он знает ответы","[2, 5, 13, 15, 20]"
705,"Всегдаподскажет,каксделатьлучше","Всегда подскажет, как сделать лучше","[6, 16, 19, 26]"
706,Ачтоегождётвпереди?,Ачто его ждёт впереди?,"[4, 7, 11]"
707,Тамвсёнетакгладко,Там всё не так гладко,"[3, 6, 8, 11]"
708,Новсёжеонпобедит,Но всё же он победит,"[2, 5, 7, 9]"
709,Парень–загадка,Парень – загадка,"[6, 7]"
710,Поминутамосыпается,По минутам осыпается,"[2, 9]"
711,Ожиданиеневозможного,Ожидание невозможного,[8]
712,Раннимутромпросыпается,Ранним утром просыпается,"[6, 11]"
713,Отдвижениянеосторожного.,От движения неосторожного.,"[2, 10]"
714,Какмолчаниеледянойзимы,Как молчание ледяной зимы,"[3, 11, 18]"
715,"Насзакуталонеизвестностью,","Нас закутало неизвестностью,","[3, 11]"
716,"Здесьтакдолгодругдругаискалимы,","Здесь так долго друг друга искали мы,","[5, 8, 13, 17, 22, 28]"
717,"И,конечно,пропалибезвести","И, конечно, пропали безвести","[2, 10, 17]"
718,Простится,Простится,[]
719,"Нетусил,закрываю,","Нету сил, закрываю,","[4, 8]"
720,"Яглазазакрываю,","Яглаза закрываю,",[6]
721,Сквозьтумануплываю,Сквозь туман уплываю,"[6, 11]"
722,Поаллеямстолицы,По аллеям столицы,"[2, 8]"
723,Запотерейпотеря,За потерей потеря,"[2, 9]"
724,Игодаполетели,Игода полетели,[5]
725,Задождямиметели,За дождями метели,"[2, 9]"
726,Перелетныептицы,Перелетные птицы,[10]
727,Тольконочьюнемогууснуть,Только ночью не могу уснуть,"[6, 11, 13, 17]"
728,Странныйхолодвсердцепрячется,Странный холод в сердце прячется,"[8, 13, 14, 20]"
729,Чтослучилось?–скажитемнекто-нибудь,Что случилось? – скажите мне кто-нибудь,"[3, 13, 14, 21, 24]"
730,Толькоосеньвокномнерасплачется,Только осень в окном не расплачется,"[6, 11, 12, 17, 19]"
731,Вподоконникмойбьютсягорошины,Вподоконник мой бьются горошины,"[11, 14, 20]"
732,"Тишину,разбиваявесельем,","Тишину, разбивая весельем,","[7, 15]"
733,Умиралидавнопонемножкумы,Умирали давно понемножку мы,"[7, 12, 22]"
734,"И,наверное,былоспасение","И, наверное, было спасение","[2, 11, 15]"
735,Времясмотритспокойноспрезрением,Время смотрит спокойно с презрением,"[5, 12, 20, 21]"
736,Выменяужеверноневспомните,Вы меня уже верно не вспомните,"[2, 6, 9, 14, 16]"
737,Опоздавшееходитпрозрение,Опоздавшее ходит прозрение,"[10, 15]"
738,Помоейгладковыбритойкомнате,По моей гладко выбритой комнате,"[2, 6, 12, 20]"
739,Недосказаноинедослушенно,Недосказано и не дослушенно,"[11, 12, 14]"
740,Сердцебьетсядругимивершинами,Сердце бьется другими вершинами,"[6, 12, 19]"
741,"Значитвсебезнадежноразрушено,","Значит все безнадежно разрушено,","[6, 9, 19]"
742,"Нузачемже,зачемпоспешилимы","Ну зачем же, зачем поспешили мы","[2, 7, 10, 15, 24]"
743,"Помню,помнюякакмывстретилисьстобою","Помню, помню я как мы встретились с тобою","[6, 11, 12, 15, 17, 28, 29]"
744,"Былконецдня,тыспросилауменясигареточку","Был конец дня, ты спросила у меня сигареточку","[3, 8, 12, 14, 22, 23, 27]"
745,"Яподумал,чтозафигня","Яподумал, что за фигня","[9, 12, 14]"
746,"Сигареткаосталасьвсегоодна,нуладнона...","Сигаретка осталась всего одна, ну ладно на...","[9, 17, 22, 27, 29, 34]"
747,Мыпрожилипятнадцатьлет,Мы прожили пятнадцать лет,"[2, 9, 19]"
748,Новоттеперьтыушлатебянет.,Но вот теперь ты ушла тебя нет.,"[2, 5, 11, 13, 17, 21]"
749,Нотыушлавсвоеморанжевомплаще,Ноты ушла в своем оранжевом плаще,"[4, 8, 9, 14, 23]"
750,"Нутыдаешьвообще,нутыдаешьвообщеблин!","Нуты даешь вообще, ну ты даешь вообще блин!","[4, 9, 16, 18, 20, 25, 31]"
751,Нотыушлаинесказала:яскоровернусь,Ноты ушла и не сказала: я скоро вернусь,"[4, 8, 9, 11, 19, 20, 25]"
752,"ЧёжетыделаешьЛюсь,как-жеябудуодин","Чёжеты делаешьЛюсь, как- же я буду один","[6, 18, 22, 24, 25, 29]"
753,"Помню,помнюякакпоулицевесенний,","Помню, помню я как по улице весенний,","[6, 11, 12, 15, 17, 22]"
754,"Ястобойгулял,мыкупилибанкупиваидвухлещей","Яс тобой гулял, мы купили банку пива и двух лещей","[2, 7, 13, 15, 21, 26, 30, 31, 35]"
755,"Тыбыламолода-красива,","Тыбыла молода - красива,","[6, 12, 13]"
756,Ипохожанаапельсинавсвоемновомплаще,Ипохожа на апельсина в своем новом плаще,"[7, 9, 18, 19, 24, 29]"
757,"Иялюбилтебякаксвою,вотитеперьотебеяпою!","Ия любил тебя как свою, вот и теперь о тебе я пою!","[2, 7, 11, 14, 19, 22, 23, 29, 30, 34, 35]"
758,"Помню,помню,какядарилтебе,чтопопросишь","Помню, помню, как я дарил тебе, что попросишь","[6, 12, 15, 16, 21, 26, 29]"
759,"Нокакойжедуракябыл,если-бзнал,чтотыменябросишь","Но какой же дурак я был, если-б знал, что ты меня бросишь","[2, 7, 9, 14, 15, 19, 25, 30, 33, 35, 39]"
760,"Сэкономилбы,иялюбилтебяобожал","Сэкономил бы, и я любил тебя обожал","[9, 12, 13, 14, 19, 23]"
761,"Нуатымневспинукинжал,охнесладкомне","Ну а ты мне в спину кинжал, ох не сладко мне","[2, 3, 5, 8, 9, 14, 21, 23, 25, 31]"
762,"Япригрелнагрудизмею,вотитеперьотебеяпою!","Япригрел на груди змею, вот и теперь о тебе я пою!","[8, 10, 15, 20, 23, 24, 30, 31, 35, 36]"
763,"Ясмотрюнатебя,","Ясмотрю на тебя,","[7, 9]"
764,"Втелевизореты,аянадиване.","Втелевизоре ты, а я на диване.","[11, 14, 15, 16, 18]"
765,"ВгородеNдожди,","Вгороде N дожди,","[7, 8]"
766,Замыкание+бах!ивсталитрамваи,Замыкание+бах! и встали трамваи,"[14, 15, 21]"
767,Травмачерепно-мозговаямоялюбовь!,Травма черепно-мозговая моя любовь!,"[6, 22, 25]"
768,"По-по-понаконаплю,иктебедоплыву,долечу,доеду","По-по-понако наплю, и к тебе до плыву, долечу, доеду","[12, 18, 19, 20, 24, 26, 32, 39]"
769,"Рядомстобойпоселюсь,тыбудешьрадатакомусоседу!","Рядом с тобой поселюсь, ты будешь рада такому соседу!","[5, 6, 11, 20, 22, 28, 32, 38]"
770,"МыизРоссиинародпростой,ятесразускажуЗдорово!","МыизРоссии народ простой, я те сразу скажуЗдорово!","[10, 15, 23, 24, 26, 31]"
771,"АтыулыбнёшьсяискажешьмнеЯтакждалатебя,Вова!","Аты улыбнёшься искажешь мнеЯтак ждала тебя,Вова!","[3, 13, 21, 28, 33]"
772,"Ятакждалатебя,Вова!","Ятак ждала тебя,Вова!","[4, 9]"
773,"Втелевизореты,аянадиване","Втелевизоре ты, а я на диване","[11, 14, 15, 16, 18]"
774,"ВгородеNзима,","Вгороде N зима,","[7, 8]"
775,Скоровыходывсеивходызавалит,Скоро выходы все и входы завалит,"[5, 11, 14, 15, 20]"
776,"Нуяпридубезкрика,безшума,","Нуя приду без крика, без шума,","[3, 8, 11, 17, 20]"
777,"Нунайдукакой-нибудьповод,","Ну найду какой-нибудь повод,","[2, 7, 19]"
778,"СкажуНуздравствуй,Ума,","СкажуНу здравствуй,Ума,",[7]
779,"ОнаскажетНуздравствуй,Вова.","Она скажетНу здравствуй,Вова.","[3, 11]"
780,Нунадокак-тоотношениязавязывать,Ну надо как-то отношения завязывать,"[2, 6, 12, 21]"
781,ЯскажуНукактытутвообщеживаздорова-то?,ЯскажуНу как ты тут вообще жива здорова-то?,"[8, 11, 13, 16, 22, 26]"
782,"Онаскажет:'А,вообще,Володька,хреново!'","Она скажет:'А, вообще,Володька, хреново!'","[3, 13, 29]"
783,Иначнётрассказывать.,Иначнёт рассказывать.,[7]
784,"Вот,-скажет,-вчера,кпримеру,приходилТарнтино","Вот, - скажет, - вчера, к примеру, приходилТарнтино","[4, 5, 12, 13, 19, 20, 28]"
785,"Нажрался,говорит,исталприставатькомне,здоровеннаядетина.","Нажрался, говорит, и стал приставать ко мне, здоровенная детина.","[9, 17, 18, 22, 32, 34, 38, 49]"
786,ЯтогдаемутакстрогосказалаКвентин!,Ятогда ему так строго сказалаКвентин!,"[6, 9, 12, 18]"
787,"Может,тыконечно,говорит,инезаметил,","Может, ты конечно, говорит, и незаметил,","[6, 8, 16, 24, 25]"
788,"Новообще-тояждуВолодькуизРоссии,","Но вообще-то я ждуВолодькуизРоссии,","[2, 11, 12]"
789,"Атебя,говорит,вообщезаходитьнепросили","Атебя, говорит, вообще заходить не просили","[6, 14, 20, 28, 30]"
790,"Воттакаябатва,прикинь?","Вот такая батва, прикинь?","[3, 8, 14]"
791,Бываетнедосмеха,Бывает не до смеха,"[6, 8, 10]"
792,"Вобщем,былотруднобезтебя,Вован.","Вобщем, было трудно без тебя,Вован.","[7, 11, 17, 20]"
793,"Хорошо,чтоприехал","Хорошо, что приехал","[7, 10]"
794,"Жил-былнасветеАнтонГородецкий,","Жил-был на светеАнтонГородецкий,","[7, 9]"
795,"Бросилажена,онгрустилнепо-детски.","Бросила жена, он грустил не по-детски.","[7, 12, 14, 21, 23]"
796,Пришёлкколдунье:'Ану-канаколдуймне!',Пришёл к колдунье:'Ану-ка на колдуй мне!',"[6, 7, 23, 25, 31]"
797,"'Легко,мойхороший,толькохлопнувладоши,","'Легко, мой хороший, только хлопнув ладоши,","[7, 10, 18, 24, 31]"
798,"Иженавернётся,оттогоотвернётся,","Ижена вернётся, оттого отвернётся,","[5, 14, 20]"
799,Ималенькаяжизньвнутринеёоборвётся.',Ималенькая жизнь внутри неё оборвётся.',"[10, 15, 21, 24]"
800,Новдругналетелинаведьмутени,Но вдруг налетели на ведьму тени,"[2, 7, 15, 17, 23]"
801,"Привидений,говорят:'Небыватьпреступленью'","Привидений, говорят:'Небывать преступленью'","[11, 28]"
802,"Нучтожеты,чтотыпотупилавзор?","Ну что же ты, что ты потупила взор?","[2, 5, 7, 10, 13, 15, 23]"
803,"Сдавайся,ведьма–«НочнойДозор».","Сдавайся, ведьма –«НочнойДозор».","[9, 15]"
804,"Итреснулмирнапополам,дымитразлом,","Итреснул мир на пополам, дымит разлом,","[8, 11, 13, 21, 26]"
805,"Ильётсякровь,идётвойнадобрасозлом.","Ильётся кровь, идёт война добра со злом.","[7, 13, 17, 22, 27, 29]"
806,"Имеркнетсвет,вуглахпаукплетётузор,","Имеркнет свет, в углах паук плетёт узор,","[8, 13, 14, 19, 23, 29]"
807,Потёмнымулицамлетит«ночнойдозор».,По тёмным улицам летит «ночной дозор».,"[2, 8, 14, 19, 26]"
808,"ИпонялАнтоха,чтопоступилплохо,","ИпонялАнтоха, что поступил плохо,","[13, 16, 24]"
809,"Ито,чторазвелаегоколдунья,каклоха.","Ито, что развела его колдунья, как лоха.","[4, 7, 14, 17, 26, 29]"
810,"Носила«иного»вантоновомвзоре,","Носила «иного» в антоновом взоре,","[6, 13, 14, 23]"
811,"Азначит,онбудетработатьв«дозоре».","Азначит, он будет работать в «дозоре».","[8, 10, 15, 23, 24]"
812,"Годыпрошли,Городецкийнетужит,","Годы прошли,Городецкий не тужит,","[4, 21, 23]"
813,"Водочкуглушит,свампирамидружит.","Водочку глушит, с вампирами дружит.","[7, 14, 15, 24]"
814,Начальникхороший–мудрейшийГесер,Начальник хороший – мудрейшийГесер,"[9, 16, 17]"
815,Былзам.министромinUSSR.,Был зам. министром inUSSR.,"[3, 7, 16]"
816,"Новотвызывают,нужноехатьскорее,","Но вот вызывают, нужно ехать скорее,","[2, 5, 14, 19, 24]"
817,Вампир-парикмахерсподружкойсвоею,Вампир - парикмахер с подружкой своею,"[6, 7, 17, 18, 27]"
818,"Влоговоксебезаманилиподростка,","Влогово к себе заманили подростка,","[7, 8, 12, 20]"
819,Решилипоужинатьподлоипросто.,Решили поужинать подло и просто.,"[6, 15, 20, 21]"
820,"Антохауспел,завязаласьдрака,","Антоха успел, завязалась драка,","[6, 12, 22]"
821,"Согромнымтрудом,новсёжубилвурдалака,","Согромным трудом, но всё ж убил вурдалака,","[9, 16, 18, 21, 22, 26]"
822,"Ножницамибылтяжелораненвбою,","Ножницами был тяжело ранен в бою,","[9, 12, 18, 23, 24]"
823,"Присмертибыл,можносказатьнакраю.","При смерти был, можно сказать на краю.","[3, 9, 13, 18, 25, 27]"
824,"НодобрыйГесереговылечилбыстро,","Но добрыйГесер его вылечил быстро,","[2, 13, 16, 23]"
825,"Ещебы,абыкогонеберутвзамминистры.","Еще бы, абы кого не берут в замминистры.","[3, 6, 9, 13, 15, 20, 21]"
826,"Адальше-бедазабедой,какпонотам:","Адальше - беда за бедой, как по нотам:","[7, 8, 12, 14, 20, 23, 25]"
827,"Вороназалетелавтурбинусамолёта,","Ворона залетела в турбину самолёта,","[6, 14, 15, 22]"
828,"Натеплоцентраличего-товзорвалось,","На тепло централи чего-то взорвалось,","[2, 7, 15, 22]"
829,"АСветавиновнавовсёмоказалась,","АСвета виновна во всём оказалась,","[6, 13, 15, 19]"
830,"Но,встретивкрасавцаАнтона,влюбилась,","Но, встретив красавцаАнтона, влюбилась,","[3, 11, 26]"
831,Иразрушениеостановилось.,Иразрушение остановилось.,[11]
832,НозлойЗавулониз«дозорадневного»,НозлойЗавулон из «дозора дневного»,"[13, 15, 22]"
833,СделализсынаАнтона«иного».,Сделал из сынаАнтона «иного».,"[6, 8, 18]"
834,Икаксэтимсправитсянашгерой?,Икак с этим справится наш герой?,"[4, 5, 9, 18, 21]"
835,Всенапросмотркартинывторой!,Всена просмотр картины второй!,"[5, 13, 20]"
836,"Вгазетахписали,чтотыуезжаешь,","Вгазетах писали, что ты уезжаешь,","[8, 15, 18, 20]"
837,"Чторейснеотменят,чторейснеотложат.","Что рейс не отменят, что рейс не от ложат.","[3, 7, 9, 17, 20, 24, 26, 28]"
838,"Какие-толюдитебяокружают,","Какие-то люди тебя окружают,","[8, 12, 16]"
839,"Аближе,чембыли-уженевозможно.","Аближе, чем были - уже невозможно.","[7, 10, 14, 15, 18]"
840,"Вкрасивыхжурналахсчитаютпунктиры,","Вкрасивых журналах считают пунктиры,","[9, 17, 24]"
841,Ая-доквартирывечернеесальто.,Ая-до квартиры вечернее сальто.,"[5, 13, 21]"
842,"Икривятсягубы,икофепротивен,","Икривятся губы, и кофе противен,","[9, 14, 15, 19]"
843,"Иновоеутро,иновое'неттебя...'","Иновое утро, и новое'нет тебя...'","[6, 11, 12, 21]"
844,Япоасфальтушагаю,Япо асфальту шагаю,"[3, 11]"
845,"Стем,когосберечьнесмогу.","Стем, кого сберечь не смогу.","[5, 9, 16, 18]"
846,"Доостановкитрамвая,","До остановки трамвая,","[2, 11]"
847,Звенящегонабегу.,Звенящего на бегу.,"[9, 11]"
848,"Вгазетахписали,чтоты-идиотка,","Вгазетах писали, что ты - идиотка,","[8, 15, 18, 20, 21]"
849,Вовсёмвиноватапроклятаяводка.,Во всём виновата проклятая водка.,"[2, 6, 14, 23]"
850,"Ругаешьсяматом,ипесеннепишешь,","Ругаешься матом, и песен не пишешь,","[9, 15, 16, 21, 23]"
851,"Тебяокружаютнелюди,амыши.","Тебя окружают не люди, а мыши.","[4, 12, 14, 19, 20]"
852,Такоеневыдуматьдаженарошно.,Такое не выдумать даже нарошно.,"[5, 7, 15, 19]"
853,"Аякаждыйвечерползудоквартиры,","Ая каждый вечер ползу до квартиры,","[2, 8, 13, 18, 20]"
854,"Иближе,чембыли-уженевозможно.","Иближе, чем были - уже невозможно.","[7, 10, 14, 15, 18]"
855,"Измученныйдорогой,явыбилсяизсил.","Измученный дорогой, я выбился из сил.","[10, 18, 19, 26, 28]"
856,Ивдомелесникаяночлегапопросил.,Ив доме лесникая ночлега попросил.,"[2, 6, 14, 21]"
857,Сулыбкойдобродушнойстарикменявпустил.,Сулыбкой добродушной старик меня в пустил.,"[8, 19, 25, 29, 30]"
858,Ижестомдружелюбнымнаужинпригласил.,Ижестом дружелюбным на ужин пригласил.,"[7, 18, 20, 24]"
859,"Будькакдома,путник,янивчёмнеоткажу,","Будь как дома, путник, я ни в чём не откажу,","[4, 7, 12, 19, 20, 22, 23, 26, 28]"
860,"Янивчемнеоткажу,янивчёмнеоткажу!","Яни в чем не откажу, я ни в чём не откажу!","[3, 4, 7, 9, 16, 17, 19, 20, 23, 25]"
861,"Множествоисторий,кольжелаешь,расскажу,","Множество историй, коль желаешь, расскажу,","[9, 17, 21, 29]"
862,"Кольжелаешь,расскажу,","Коль желаешь, расскажу,","[4, 12]"
863,"Кольжелаешь,расскажу!","Коль желаешь, расскажу!","[4, 12]"
864,"Наулицетемнело,сиделязастолом.","На улице темнело, сидел я за столом.","[2, 7, 15, 20, 21, 23]"
865,"Лесниксиделнапротив,болталотом,осём.","Лесник сидел напротив, болтал о том, о сём.","[6, 11, 20, 26, 27, 31, 32]"
866,"Чтонетсредиживотныхустарикаврагов,","Чтонет среди животных устарика врагов,","[6, 11, 19, 27]"
867,Чтонравитсяемуподкармливатьволков.,Что нравится ему подкармливать волков.,"[3, 11, 14, 27]"
868,Иволкисрединочизавылиподокном.,Иволки среди ночи завыли под окном.,"[6, 11, 15, 21, 24]"
869,Старикзаулыбалсяивдругпокинулдом.,Старик заулыбался и вдруг покинул дом.,"[6, 16, 17, 22, 29]"
870,Новскоревозвратилсясружьёмнаперевес:,Но вскоре возвратился с ружьём на перевес:,"[2, 8, 19, 20, 26, 28]"
871,"'Друзьяхотятпокушать,пойдём,приятель,влес!'","'Друзья хотят покушать, пойдём, приятель, в лес!'","[7, 12, 21, 28, 37, 38]"
872,Яшёлксебедомой,Яшёл к себе домой,"[4, 5, 9]"
873,Яшёлпомокрымлужам,Яшёл по мокрым лужам,"[4, 6, 12]"
874,Поскользкоймостовой,Поскользкой мостовой,[11]
875,Ногамиснегутюжил,Ногами снег утюжил,"[6, 10]"
876,Амокрыйснегпадал,Амокрый снег падал,"[7, 11]"
877,Аяшёлдомой,Ая шёл домой,"[2, 5]"
878,Позимнемусаду,По зимнему саду,"[2, 9]"
879,Попустоймостовой,По пустой мостовой,"[2, 8]"
880,Оншёлсомнойрядом,Он шёл со мной рядом,"[2, 5, 7, 11]"
881,Шпионилзамной,Шпионил за мной,"[7, 9]"
882,Следилзамнойвзглядом,Следил за мной взглядом,"[6, 8, 12]"
883,Бесшумныйконвой,Бесшумный конвой,[9]
884,Ивотястою,Ивот я стою,"[4, 5]"
885,Накраюснегопада,На краю снегопада,"[2, 6]"
886,Снебападаетснег,Снеба падает снег,"[5, 11]"
887,Значитнебутакнадо,Значит небу так надо,"[6, 10, 13]"
888,Вэтотрудноповерить,Вэто трудно поверить,"[4, 10]"
889,Явернулсядомой,Явернулся домой,[9]
890,Тыоткрыламнедвери,Ты открыла мне двери,"[2, 9, 12]"
891,Снегвошёлвследзамной,Снег вошёл вслед за мной,"[4, 9, 14, 16]"
892,Ивдругснеграстаял,Ивдруг снег растаял,"[6, 10]"
893,Увиделтебя,Увидел тебя,[6]
894,Напорогеостались,На пороге остались,"[2, 8]"
895,Толькокаплидождя,Только капли дождя,"[6, 11]"
896,Насуноситрека,Нас уносит река,"[3, 9]"
897,Плавныхвёселволнами,Плавных вёсел волнами,"[7, 12]"
898,Словнокто-тооткрыл,Словно кто-то открыл,"[6, 12]"
899,Всенебесныекраны,Все небесные краны,"[3, 11]"
900,Мыстоимнакраю,Мыстоим на краю,"[7, 9]"
901,Накраюводопада,На краю водопада,"[2, 6]"
902,Снебальётсявода,Снеба льётся вода,"[5, 11]"
903,Заморямиестьлимоновыйсад,Заморями есть лимоновый сад,"[8, 12, 21]"
904,Янайдулимонибудурад,Янайду лимон и буду рад,"[6, 11, 12, 16]"
905,Нотебенедамнесмейменявинить,Но тебе не дам не смей меня винить,"[2, 6, 8, 11, 13, 17, 21]"
906,Посмотритедочегоонхорош,Посмотрите до чего он хорош,"[10, 12, 16, 18]"
907,Нонадорогетыегоненайдешь,Нона дороге ты его не найдешь,"[4, 10, 12, 15, 17]"
908,Попробуйсделайсамнебудуятебяучить,Попробуй сделай сам не буду я тебя учить,"[8, 14, 17, 19, 23, 24, 28]"
909,Растутлимонынавысокихгорах,Растут лимоны на высоких горах,"[6, 12, 14, 21]"
910,Накрутыхберегахдлякрутых,На крутых берегах для крутых,"[2, 8, 15, 18]"
911,Корочетынедостанешь,Коро четы недостанешь,"[4, 8]"
912,Явижуцельязалимономдотянутьсяхочу,Явижу цель я за лимоном дотянуться хочу,"[5, 9, 10, 12, 19, 29]"
913,Язалимономлечуикрутизнойнаслаждаюсь,Яза лимоном лечу и крутизной наслаждаюсь,"[3, 10, 14, 15, 24]"
914,СтранаЛимониястранабеззабот,СтранаЛимония страна беззабот,"[13, 19]"
915,ВстрануЛимониюведетподземныйход,ВстрануЛимонию ведет подземный ход,"[14, 19, 28]"
916,Найтипопробуйсамнебудуятебяучить,Найти попробуй сам не буду я тебя учить,"[5, 13, 16, 18, 22, 23, 27]"
917,Труднадорогаиповсюдуобман,Трудна дорога и повсюду обман,"[6, 12, 13, 20]"
918,Ночтобнесбитьсяуменяестьплан,Но чтоб не сбиться у меня есть план,"[2, 6, 8, 15, 16, 20, 24]"
919,Ноятебенедамнесмейменявинить,Но я тебе не дам не смей меня винить,"[2, 3, 7, 9, 12, 14, 18, 22]"
920,СтрануЛимониюищусдавнихпор,СтрануЛимонию ищу с давних пор,"[13, 16, 17, 23]"
921,Мненадоелвечнозеленыйпомидор,Мне надоел вечнозеленый помидор,"[3, 9, 21]"
922,Еготыкушайсамнесмейегосомнойделить,Его ты кушай сам не смей его со мной делить,"[3, 5, 10, 13, 15, 19, 22, 24, 28]"
923,Несмейегосомнойделить,Не смей его со мной делить,"[2, 6, 9, 11, 15]"
924,"Выйдунаулицу-солнцанема,","Выйду на улицу-солнца нема,","[5, 7, 19]"
925,Парнимолодыесвелименясума.,Парни молодые свели меня с ума.,"[5, 12, 17, 21, 22]"
926,"Выйдунаулицу,глянунасело,-","Выйду на улицу, гляну на село,-","[5, 7, 13, 18, 20]"
927,"Девкигуляют,имневесело.","Девки гуляют, и мне весело.","[5, 12, 13, 16]"
928,"Матушкародная,водицымнедай,","Матушка родная, водицы мне дай,","[7, 14, 20, 23]"
929,Сердцемоетакикидаетвжар.,Сердце мое так и кидает в жар.,"[6, 9, 12, 13, 19, 20]"
930,"Раньшеягулялавзеленомсаду,","Раньше я гуляла в зеленом саду,","[6, 7, 13, 14, 21]"
931,Думаланаулицувекнепойду.,Думала на улицу век не пойду.,"[6, 8, 13, 16, 18]"
932,Атеперьподвечеражпяткигорят-,Атеперь под вечер аж пятки горят-,"[7, 10, 15, 17, 22]"
933,Ноженькирезвыевпляскухотят.,Ноженьки резвые в пляску хотят.,"[8, 14, 15, 21]"
934,"Япойдунаулицу,кдевкампойду,","Япойду на улицу, к девкам пойду,","[6, 8, 14, 15, 21]"
935,Голосомзвонкимяимподпою.,Голосом звонким я им под пою.,"[7, 14, 15, 17, 20]"
936,"Матушка,слышишь,соловушекпоет,","Матушка, слышишь, соловушек поет,","[8, 16, 25]"
937,"Атам,подгорою,пляскаидет-","Атам, под горою, пляска идет-","[5, 8, 14, 20]"
938,"Девкиголосистыезвонкопоют,","Девки голосистые звонко поют,","[5, 15, 21]"
939,Мнедамолоденькойспатьнедают.,Мнеда молоденькой спать не дают.,"[5, 16, 21, 23]"
940,"Теплоеместо,ноулицыждут","Теплое место, но улицы ждут","[6, 12, 14, 19]"
941,Отпечатковнашихног.,Отпечатков наших ног.,"[10, 15]"
942,Звезднаяпыль-насапогах.,Звездная пыль - на сапогах.,"[8, 12, 13, 15]"
943,"Мягкоекресло,клетчатыйплед,","Мягкое кресло, клетчатый плед,","[6, 13, 22]"
944,Ненажатыйвовремякурок.,Не нажатый во время курок.,"[2, 9, 11, 16]"
945,Солнечныйдень-вослепительныхснах.,Солнечный день - в ослепительных снах.,"[9, 13, 14, 15, 28]"
946,"Группакрови-нарукаве,","Группа крови - на рукаве,","[6, 11, 12, 14]"
947,"Мойпорядковыйномер-нарукаве,","Мой порядковый номер - на рукаве,","[3, 13, 18, 19, 21]"
948,"Пожелаймнеудачивбою,пожелаймне:","Пожелай мне удачи в бою, пожелай мне:","[7, 10, 15, 16, 20, 27]"
949,"Неостатьсявэтойтраве,","Не остаться в этой траве,","[2, 10, 11, 15]"
950,Неостатьсявэтойтраве.,Не остаться в этой траве.,"[2, 10, 11, 15]"
951,"Пожелаймнеудачи,пожелаймнеудачи!","Пожелай мне удачи, пожелай мне удачи!","[7, 10, 16, 23, 26]"
952,"Иестьчемплатить,ноянехочу","Иесть чем платить, но я не хочу","[5, 8, 16, 18, 19, 21]"
953,Победылюбойценой.,Победы любой ценой.,"[6, 11]"
954,Яникомунехочуставитьногунагрудь.,Яникому не хочу ставить ногу на грудь.,"[7, 9, 13, 20, 24, 26]"
955,"Яхотелбыостатьсястобой,","Яхотел бы остаться с тобой,","[6, 8, 16, 17]"
956,"Простоостатьсястобой,","Просто остаться с тобой,","[6, 14, 15]"
957,Новысокаявнебезвездазоветменявпуть.,Но высокая в небе звезда зовет меня в путь.,"[2, 9, 10, 14, 20, 25, 29, 30]"
958,"Ночькоротка,цельдалека,","Ночь коротка, цель далека,","[4, 12, 16]"
959,"Ночьютакчастохочетсяпить,","Ночью так часто хочется пить,","[5, 8, 13, 20]"
960,"Тывыходишьнакухню,","Ты выходишь на кухню,","[2, 10, 12]"
961,"Новодаздесьгорька,","Новода здесь горька,","[6, 11]"
962,"Тынеможешьздесьспать,","Тыне можешь здесь спать,","[4, 10, 15]"
963,Тынехочешьздесьжить.,Тыне хочешь здесь жить.,"[4, 10, 15]"
964,"Доброеутро,последнийгерой!","Доброе утро, последний герой!","[6, 11, 20]"
965,"Доброеутротебеитаким,какты,","Доброе утро тебе и таким, как ты,","[6, 10, 14, 15, 21, 24]"
966,"Доброеутро,последнийгерой.","Доброе утро, последний герой.","[6, 11, 20]"
967,"Здравствуй,последнийгерой!","Здравствуй, последний герой!","[11, 20]"
968,"Тыхотелбытьодин,этобыстропрошло,","Ты хотел быть один, это быстро прошло,","[2, 7, 11, 16, 19, 25]"
969,"Тыхотелбытьодин,нонесмогбытьодин,","Ты хотел быть один, но не смог быть один,","[2, 7, 11, 16, 18, 20, 24, 28]"
970,"Твояношалегка,нонемеетрука,","Твоя ноша легка, но немеет рука,","[4, 8, 14, 16, 22]"
971,Итывстречаешьрассветзаигройвдурака.,Иты встречаешь рассвет за игрой в дурака.,"[3, 13, 20, 22, 27, 28]"
972,"Утромтыстремишьсяскорееуйти,","Утром ты стремишься скорее уйти,","[5, 7, 17, 23]"
973,"Телефонныйзвонок,каккоманда'Вперед!'","Телефонный звонок, как команда'Вперед!'","[10, 17, 20]"
974,"Тыуходишьтуда,куданехочешьидти,","Ты уходишь туда, куда не хочешь идти,","[2, 9, 14, 18, 20, 26]"
975,"Тыуходишьтуда,нотебятамниктонеждет!","Ты уходишь туда, но тебя там никто не ждет!","[2, 9, 14, 16, 20, 23, 28, 30]"
976,Яидупоулицевзеленомпиджаке.,Яиду по улице в зеленом пиджаке.,"[4, 6, 11, 12, 19]"
977,Мненравятсямоиботинки.,Мне нравятся мои ботинки.,"[3, 11, 14]"
978,Аещекрасивыйгалстукуменя.,Аеще красивый галстук у меня.,"[4, 12, 19, 20]"
979,"Ягладилбрюкидвачаса,","Ягладил брюки два часа,","[7, 12, 15]"
980,Впарикмахерскойсиделсутра.,Впарикмахерской сидел с утра.,"[15, 20, 21]"
981,"Ивотидуяпоулице,одиня.","Ивот иду я по улице, один я.","[4, 7, 8, 10, 16, 20]"
982,Поулицеидуя.,По улице иду я.,"[2, 7, 10]"
983,Поулицеодин.,По улице один.,"[2, 7]"
984,Умоегоприятеляестьновыепластинки.,Умоего приятеля есть новые пластинки.,"[6, 14, 18, 23]"
985,Иязайдувкафеивыпьючашкукофе.,Ия зайду в кафе и выпью чашку кофе.,"[2, 7, 8, 12, 13, 18, 23]"
986,Апотомпойдукнему.,Апотом пойду к нему.,"[6, 11, 12]"
987,ИвзеркалахвитринятакпохожнаБодиХоли.,Ив зеркалах витриня так похож наБодиХоли.,"[2, 10, 17, 20, 25]"
988,Папаскородастсвоюмашинупокататьсямне.,Папа скоро даст свою машину покататься мне.,"[4, 9, 13, 17, 23, 33]"
989,Идуя.,Идуя.,[]
990,Поулицеодиня.,По улице один я.,"[2, 7, 11]"
991,Идуяпоулицеодин.,Идуя по улице один.,"[4, 6, 11]"
992,Весна-постоянныйнасморк.,Весна-постоянный насморк.,[16]
993,Весна-солнцесветитопять.,Весна-солнце светит опять.,"[12, 18]"
994,Ияпромочилноги.,Ияпромочил ноги.,[10]
995,Весна-ияопятьидугулять.,Весна-ия опять иду гулять.,"[8, 13, 16]"
996,Весна-янемогуусидетьдома.,Весна- я не могу усидеть дома.,"[6, 7, 9, 13, 20]"
997,Весна-ялюблювесну.,Весна- я люблю весну.,"[6, 7, 12]"
998,Очемпоютвмоемдворекошки?,Очем поют в моем дворе кошки?,"[4, 8, 9, 13, 18]"
999,"Нет-нет-нет-нет,","Нет-нет-нет-нет,",[]
1000,Янеусну.,Яне усну.,[3]
1001,Весна-яуженегреюпио.,Весна- я уже не грею пио.,"[6, 7, 10, 12, 16]"
1002,Весна-скоровырастеттрава.,Весна-скоро вырастет трава.,"[11, 19]"
1003,"Весна-выпосмотрите,каккрасиво.","Весна - вы посмотрите, как красиво.","[5, 6, 8, 19, 22]"
1004,Весна-гдемояголова?,Весна- где моя голова?,"[6, 9, 12]"
